scientificName,latitude,longitude,country,year,month,day
Arabidopsis thaliana (L.) Heynh.,47.57805,-122.169638,United States of America,2025.0,1.0,1.0
Arabidopsis thaliana (L.) Heynh.,47.458122,-122.249787,United States of America,2025.0,1.0,2.0
Arabidopsis thaliana (L.) Heynh.,47.483028,-122.219628,United States of America,2025.0,1.0,17.0
Arabidopsis thaliana (L.) Heynh.,40.490622,-74.43688,United States of America,2024.0,1.0,5.0
Arabidopsis thaliana (L.) Heynh.,40.490637,-74.43688,United States of America,2024.0,1.0,5.0
Arabidopsis thaliana (L.) Heynh.,42.495616,-71.051196,United States of America,2024.0,1.0,13.0
Arabidopsis thaliana (L.) Heynh.,34.899417,-78.860912,United States of America,2024.0,1.0,13.0
Arabidopsis thaliana (L.) Heynh.,42.39377,-71.121139,United States of America,2024.0,1.0,25.0
Arabidopsis thaliana (L.) Heynh.,40.686061,-73.900786,United States of America,2024.0,2.0,10.0
Arabidopsis thaliana (L.) Heynh.,48.006644,-122.10418,United States of America,2024.0,2.0,10.0
Arabidopsis thaliana (L.) Heynh.,48.006778,-122.104308,United States of America,2024.0,2.0,10.0
Arabidopsis thaliana (L.) Heynh.,33.802153,-83.224569,United States of America,2024.0,2.0,17.0
Arabidopsis thaliana (L.) Heynh.,33.550758,-117.77678,United States of America,2024.0,2.0,21.0
Arabidopsis thaliana (L.) Heynh.,42.67713,-70.638992,United States of America,2024.0,2.0,10.0
Arabidopsis thaliana (L.) Heynh.,33.808063,-80.630012,United States of America,2024.0,2.0,24.0
Arabidopsis thaliana (L.) Heynh.,41.672428,-74.986623,United States of America,2024.0,2.0,25.0
Arabidopsis thaliana (L.) Heynh.,45.525652,-122.605553,United States of America,2024.0,2.0,29.0
Arabidopsis thaliana (L.) Heynh.,35.955375,-79.278358,United States of America,2024.0,2.0,29.0
Arabidopsis thaliana (L.) Heynh.,40.742104,-73.880621,United States of America,2024.0,3.0,3.0
Arabidopsis thaliana (L.) Heynh.,40.693342,-73.561906,United States of America,2024.0,3.0,3.0
Arabidopsis thaliana (L.) Heynh.,40.676905,-73.55925,United States of America,2024.0,3.0,3.0
Arabidopsis thaliana (L.) Heynh.,40.676955,-73.559263,United States of America,2024.0,3.0,3.0
Arabidopsis thaliana (L.) Heynh.,37.346653,-122.143464,United States of America,2024.0,3.0,5.0
Arabidopsis thaliana (L.) Heynh.,41.105237,-73.442148,United States of America,2024.0,3.0,7.0
Arabidopsis thaliana (L.) Heynh.,43.165735,-77.447676,United States of America,2024.0,3.0,8.0
Arabidopsis thaliana (L.) Heynh.,37.346781,-122.143114,United States of America,2024.0,3.0,8.0
Arabidopsis thaliana (L.) Heynh.,40.680263,-73.564347,United States of America,2024.0,3.0,9.0
Arabidopsis thaliana (L.) Heynh.,35.85778,-79.156533,United States of America,2024.0,3.0,4.0
Arabidopsis thaliana (L.) Heynh.,40.73457,-73.763289,United States of America,2024.0,3.0,10.0
Arabidopsis thaliana (L.) Heynh.,40.736055,-73.40328,United States of America,2024.0,3.0,12.0
Arabidopsis thaliana (L.) Heynh.,40.625842,-73.59292,United States of America,2024.0,3.0,12.0
Arabidopsis thaliana (L.) Heynh.,40.601861,-73.57763,United States of America,2024.0,3.0,12.0
Arabidopsis thaliana (L.) Heynh.,40.760543,-73.455573,United States of America,2024.0,3.0,12.0
Arabidopsis thaliana (L.) Heynh.,40.617873,-73.587862,United States of America,2024.0,3.0,12.0
Arabidopsis thaliana (L.) Heynh.,36.97672,-121.807487,United States of America,2024.0,3.0,14.0
Arabidopsis thaliana (L.) Heynh.,40.171155,-75.028192,United States of America,2024.0,3.0,15.0
Arabidopsis thaliana (L.) Heynh.,45.544224,-122.394025,United States of America,2024.0,3.0,15.0
Arabidopsis thaliana (L.) Heynh.,39.966026,-75.176039,United States of America,2024.0,3.0,15.0
Arabidopsis thaliana (L.) Heynh.,40.654001,-73.997502,United States of America,2024.0,3.0,16.0
Arabidopsis thaliana (L.) Heynh.,45.490646,-122.645271,United States of America,2024.0,3.0,16.0
Arabidopsis thaliana (L.) Heynh.,36.092061,-94.171433,United States of America,2024.0,3.0,16.0
Arabidopsis thaliana (L.) Heynh.,44.110808,-122.922356,United States of America,2024.0,3.0,17.0
Arabidopsis thaliana (L.) Heynh.,40.686126,-73.900792,United States of America,2024.0,3.0,17.0
Arabidopsis thaliana (L.) Heynh.,39.833603,-75.004864,United States of America,2024.0,3.0,17.0
Arabidopsis thaliana (L.) Heynh.,40.684853,-73.909856,United States of America,2024.0,3.0,17.0
Arabidopsis thaliana (L.) Heynh.,40.686046,-73.900831,United States of America,2024.0,3.0,17.0
Arabidopsis thaliana (L.) Heynh.,41.745089,-70.460832,United States of America,2024.0,3.0,17.0
Arabidopsis thaliana (L.) Heynh.,45.317287,-122.604857,United States of America,2024.0,3.0,18.0
Arabidopsis thaliana (L.) Heynh.,46.728925,-117.164619,United States of America,2024.0,3.0,19.0
Arabidopsis thaliana (L.) Heynh.,40.738769,-73.774652,United States of America,2024.0,3.0,19.0
Arabidopsis thaliana (L.) Heynh.,44.591568,-123.272958,United States of America,2024.0,3.0,20.0
Arabidopsis thaliana (L.) Heynh.,41.8812,-71.360717,United States of America,2024.0,3.0,20.0
Arabidopsis thaliana (L.) Heynh.,45.250539,-123.048927,United States of America,2024.0,3.0,20.0
Arabidopsis thaliana (L.) Heynh.,40.796883,-73.466853,United States of America,2024.0,3.0,21.0
Arabidopsis thaliana (L.) Heynh.,45.710581,-121.373733,United States of America,2024.0,3.0,21.0
Arabidopsis thaliana (L.) Heynh.,39.070122,-77.465408,United States of America,2024.0,3.0,21.0
Arabidopsis thaliana (L.) Heynh.,35.980563,-78.956803,United States of America,2024.0,3.0,21.0
Arabidopsis thaliana (L.) Heynh.,33.633,-83.868295,United States of America,2024.0,3.0,21.0
Arabidopsis thaliana (L.) Heynh.,40.678703,-73.561803,United States of America,2024.0,3.0,22.0
Arabidopsis thaliana (L.) Heynh.,45.338038,-122.587866,United States of America,2024.0,3.0,23.0
Arabidopsis thaliana (L.) Heynh.,45.572497,-122.646817,United States of America,2024.0,3.0,23.0
Arabidopsis thaliana (L.) Heynh.,38.343567,-81.631992,United States of America,2024.0,3.0,25.0
Arabidopsis thaliana (L.) Heynh.,40.124004,-75.000353,United States of America,2024.0,3.0,25.0
Arabidopsis thaliana (L.) Heynh.,38.175363,-75.445459,United States of America,2024.0,3.0,26.0
Arabidopsis thaliana (L.) Heynh.,40.729543,-73.762945,United States of America,2024.0,3.0,26.0
Arabidopsis thaliana (L.) Heynh.,39.918823,-76.999469,United States of America,2024.0,3.0,25.0
Arabidopsis thaliana (L.) Heynh.,41.899236,-72.072567,United States of America,2024.0,3.0,27.0
Arabidopsis thaliana (L.) Heynh.,34.612237,-86.567475,United States of America,2024.0,3.0,28.0
Arabidopsis thaliana (L.) Heynh.,45.450423,-123.329317,United States of America,2024.0,3.0,24.0
Arabidopsis thaliana (L.) Heynh.,47.98039,-122.516046,United States of America,2024.0,3.0,28.0
Arabidopsis thaliana (L.) Heynh.,35.480953,-85.97423,United States of America,2024.0,3.0,29.0
Arabidopsis thaliana (L.) Heynh.,40.601847,-73.926613,United States of America,2024.0,3.0,31.0
Arabidopsis thaliana (L.) Heynh.,40.601142,-73.925208,United States of America,2024.0,3.0,31.0
Arabidopsis thaliana (L.) Heynh.,35.950612,-83.693628,United States of America,2024.0,3.0,31.0
Arabidopsis thaliana (L.) Heynh.,33.893809,-83.309634,United States of America,2024.0,4.0,1.0
Arabidopsis thaliana (L.) Heynh.,44.567501,-123.2819,United States of America,2024.0,4.0,1.0
Arabidopsis thaliana (L.) Heynh.,44.567416,-123.281724,United States of America,2024.0,4.0,1.0
Arabidopsis thaliana (L.) Heynh.,44.701377,-123.207172,United States of America,2024.0,4.0,1.0
Arabidopsis thaliana (L.) Heynh.,40.676797,-73.55918,United States of America,2024.0,4.0,1.0
Arabidopsis thaliana (L.) Heynh.,45.482069,-122.806441,United States of America,2024.0,4.0,1.0
Arabidopsis thaliana (L.) Heynh.,35.863251,-82.174629,United States of America,2024.0,4.0,3.0
Arabidopsis thaliana (L.) Heynh.,41.367092,-71.672522,United States of America,2024.0,4.0,2.0
Arabidopsis thaliana (L.) Heynh.,34.066774,-118.440509,United States of America,2024.0,4.0,2.0
Arabidopsis thaliana (L.) Heynh.,41.504459,-81.69457,United States of America,2024.0,4.0,4.0
Arabidopsis thaliana (L.) Heynh.,46.752672,-122.117692,United States of America,2024.0,4.0,4.0
Arabidopsis thaliana (L.) Heynh.,44.563522,-123.330918,United States of America,2024.0,4.0,4.0
Arabidopsis thaliana (L.) Heynh.,44.562962,-123.33033,United States of America,2024.0,4.0,4.0
Arabidopsis thaliana (L.) Heynh.,44.562923,-123.329506,United States of America,2024.0,4.0,4.0
Arabidopsis thaliana (L.) Heynh.,43.151926,-77.580454,United States of America,2024.0,4.0,5.0
Arabidopsis thaliana (L.) Heynh.,40.726463,-74.699097,United States of America,2024.0,4.0,5.0
Arabidopsis thaliana (L.) Heynh.,42.493529,-71.243533,United States of America,2024.0,4.0,7.0
Arabidopsis thaliana (L.) Heynh.,39.699635,-75.781924,United States of America,2024.0,4.0,7.0
Arabidopsis thaliana (L.) Heynh.,35.035686,-89.236472,United States of America,2024.0,4.0,7.0
Arabidopsis thaliana (L.) Heynh.,40.97401,-74.053628,United States of America,2024.0,4.0,7.0
Arabidopsis thaliana (L.) Heynh.,39.261013,-87.637147,United States of America,2024.0,4.0,9.0
Arabidopsis thaliana (L.) Heynh.,39.610025,-74.359642,United States of America,2024.0,4.0,9.0
Arabidopsis thaliana (L.) Heynh.,40.631378,-73.457962,United States of America,2024.0,4.0,10.0
Arabidopsis thaliana (L.) Heynh.,40.697245,-73.431393,United States of America,2024.0,4.0,10.0
Arabidopsis thaliana (L.) Heynh.,39.415462,-86.404,United States of America,2024.0,4.0,10.0
Arabidopsis thaliana (L.) Heynh.,42.074179,-86.304594,United States of America,2024.0,4.0,10.0
Arabidopsis thaliana (L.) Heynh.,38.909112,-77.064147,United States of America,2024.0,4.0,10.0
Arabidopsis thaliana (L.) Heynh.,39.316878,-74.591295,United States of America,2024.0,4.0,11.0
Arabidopsis thaliana (L.) Heynh.,41.694415,-70.77194,United States of America,2024.0,4.0,11.0
Arabidopsis thaliana (L.) Heynh.,44.569903,-123.241084,United States of America,2024.0,4.0,9.0
Arabidopsis thaliana (L.) Heynh.,39.900994,-75.021194,United States of America,2024.0,4.0,12.0
Arabidopsis thaliana (L.) Heynh.,40.692894,-73.975263,United States of America,2024.0,4.0,12.0
Arabidopsis thaliana (L.) Heynh.,39.465102,-74.450973,United States of America,2024.0,4.0,13.0
Arabidopsis thaliana (L.) Heynh.,43.202536,-77.594194,United States of America,2024.0,4.0,13.0
Arabidopsis thaliana (L.) Heynh.,43.202438,-77.594701,United States of America,2024.0,4.0,13.0
Arabidopsis thaliana (L.) Heynh.,40.642678,-73.555261,United States of America,2024.0,4.0,14.0
Arabidopsis thaliana (L.) Heynh.,40.984032,-76.933311,United States of America,2024.0,4.0,14.0
Arabidopsis thaliana (L.) Heynh.,40.67736,-73.463566,United States of America,2024.0,4.0,14.0
Arabidopsis thaliana (L.) Heynh.,40.739814,-74.176875,United States of America,2024.0,4.0,15.0
Arabidopsis thaliana (L.) Heynh.,39.709576,-75.119331,United States of America,2024.0,4.0,15.0
Arabidopsis thaliana (L.) Heynh.,40.743107,-74.178453,United States of America,2024.0,4.0,16.0
Arabidopsis thaliana (L.) Heynh.,39.30579,-74.619879,United States of America,2024.0,4.0,16.0
Arabidopsis thaliana (L.) Heynh.,41.787161,-72.914586,United States of America,2024.0,4.0,16.0
Arabidopsis thaliana (L.) Heynh.,42.314438,-71.340783,United States of America,2024.0,4.0,16.0
Arabidopsis thaliana (L.) Heynh.,41.888264,-87.67664,United States of America,2024.0,4.0,15.0
Arabidopsis thaliana (L.) Heynh.,35.790592,-82.6017,United States of America,2024.0,4.0,11.0
Arabidopsis thaliana (L.) Heynh.,35.790517,-82.601442,United States of America,2024.0,4.0,11.0
Arabidopsis thaliana (L.) Heynh.,40.969658,-75.190891,United States of America,2024.0,4.0,17.0
Arabidopsis thaliana (L.) Heynh.,40.853023,-77.812742,United States of America,2024.0,4.0,17.0
Arabidopsis thaliana (L.) Heynh.,41.790019,-72.242117,United States of America,2024.0,4.0,17.0
Arabidopsis thaliana (L.) Heynh.,41.284769,-70.098222,United States of America,2024.0,4.0,1.0
Arabidopsis thaliana (L.) Heynh.,47.686175,-122.268067,United States of America,2024.0,4.0,17.0
Arabidopsis thaliana (L.) Heynh.,40.842075,-73.876551,United States of America,2024.0,4.0,18.0
Arabidopsis thaliana (L.) Heynh.,42.704187,-73.845178,United States of America,2024.0,4.0,18.0
Arabidopsis thaliana (L.) Heynh.,44.605267,-123.237271,United States of America,2024.0,4.0,19.0
Arabidopsis thaliana (L.) Heynh.,41.559259,-72.064253,United States of America,2024.0,4.0,20.0
Arabidopsis thaliana (L.) Heynh.,40.757288,-73.90083,United States of America,2024.0,4.0,20.0
Arabidopsis thaliana (L.) Heynh.,40.744948,-73.920241,United States of America,2024.0,4.0,20.0
Arabidopsis thaliana (L.) Heynh.,41.254292,-73.584113,United States of America,2024.0,4.0,21.0
Arabidopsis thaliana (L.) Heynh.,41.738145,-71.43517,United States of America,2024.0,4.0,21.0
Arabidopsis thaliana (L.) Heynh.,41.557007,-70.622086,United States of America,2024.0,4.0,21.0
Arabidopsis thaliana (L.) Heynh.,40.465853,-79.975156,United States of America,2024.0,4.0,21.0
Arabidopsis thaliana (L.) Heynh.,43.561096,-89.655518,United States of America,2024.0,4.0,23.0
Arabidopsis thaliana (L.) Heynh.,44.775484,-123.084875,United States of America,2024.0,4.0,21.0
Arabidopsis thaliana (L.) Heynh.,42.770842,-72.5089,United States of America,2024.0,4.0,24.0
Arabidopsis thaliana (L.) Heynh.,45.420293,-122.552949,United States of America,2024.0,4.0,24.0
Arabidopsis thaliana (L.) Heynh.,42.321135,-72.624683,United States of America,2024.0,4.0,25.0
Arabidopsis thaliana (L.) Heynh.,39.665561,-78.463044,United States of America,2024.0,4.0,12.0
Arabidopsis thaliana (L.) Heynh.,43.994718,-122.983315,United States of America,2024.0,4.0,5.0
Arabidopsis thaliana (L.) Heynh.,39.464683,-74.44984,United States of America,2024.0,4.0,26.0
Arabidopsis thaliana (L.) Heynh.,42.527182,-85.30088,United States of America,2024.0,4.0,26.0
Arabidopsis thaliana (L.) Heynh.,42.89299,-85.738963,United States of America,2024.0,4.0,26.0
Arabidopsis thaliana (L.) Heynh.,42.365432,-71.260766,United States of America,2024.0,4.0,26.0
Arabidopsis thaliana (L.) Heynh.,40.435122,-79.991716,United States of America,2024.0,4.0,26.0
Arabidopsis thaliana (L.) Heynh.,40.435222,-79.991466,United States of America,2024.0,4.0,26.0
Arabidopsis thaliana (L.) Heynh.,41.70541,-72.790653,United States of America,2024.0,4.0,26.0
Arabidopsis thaliana (L.) Heynh.,43.633334,-116.207653,United States of America,2024.0,4.0,26.0
Arabidopsis thaliana (L.) Heynh.,41.433837,-70.604487,United States of America,2024.0,4.0,26.0
Arabidopsis thaliana (L.) Heynh.,41.564219,-70.605507,United States of America,2024.0,4.0,26.0
Arabidopsis thaliana (L.) Heynh.,40.729648,-73.762483,United States of America,2024.0,4.0,26.0
Arabidopsis thaliana (L.) Heynh.,44.731495,-123.150395,United States of America,2024.0,4.0,25.0
Arabidopsis thaliana (L.) Heynh.,40.618674,-73.823737,United States of America,2024.0,4.0,27.0
Arabidopsis thaliana (L.) Heynh.,42.481562,-71.472331,United States of America,2024.0,4.0,28.0
Arabidopsis thaliana (L.) Heynh.,42.48107,-71.472743,United States of America,2024.0,4.0,28.0
Arabidopsis thaliana (L.) Heynh.,42.8264,-85.48688,United States of America,2024.0,4.0,28.0
Arabidopsis thaliana (L.) Heynh.,38.486817,-76.590995,United States of America,2024.0,4.0,27.0
Arabidopsis thaliana (L.) Heynh.,35.981733,-81.354439,United States of America,2024.0,4.0,26.0
Arabidopsis thaliana (L.) Heynh.,44.057435,-123.091897,United States of America,2024.0,4.0,27.0
Arabidopsis thaliana (L.) Heynh.,44.472325,-73.195533,United States of America,2024.0,4.0,29.0
Arabidopsis thaliana (L.) Heynh.,42.569493,-72.5374,United States of America,2024.0,4.0,28.0
Arabidopsis thaliana (L.) Heynh.,41.26947,-73.119537,United States of America,2024.0,4.0,29.0
Arabidopsis thaliana (L.) Heynh.,40.54423,-79.947379,United States of America,2024.0,4.0,29.0
Arabidopsis thaliana (L.) Heynh.,38.837329,-82.466957,United States of America,2024.0,4.0,26.0
Arabidopsis thaliana (L.) Heynh.,40.072038,-75.227777,United States of America,2024.0,4.0,28.0
Arabidopsis thaliana (L.) Heynh.,40.00601,-75.041366,United States of America,2024.0,4.0,27.0
Arabidopsis thaliana (L.) Heynh.,40.503833,-74.222874,United States of America,2024.0,4.0,28.0
Arabidopsis thaliana (L.) Heynh.,38.486825,-76.590988,United States of America,2024.0,4.0,27.0
Arabidopsis thaliana (L.) Heynh.,41.817238,-72.683165,United States of America,2024.0,4.0,27.0
Arabidopsis thaliana (L.) Heynh.,41.738257,-72.203616,United States of America,2024.0,4.0,24.0
Arabidopsis thaliana (L.) Heynh.,40.700181,-74.133515,United States of America,2024.0,4.0,24.0
Arabidopsis thaliana (L.) Heynh.,37.693375,-89.252756,United States of America,2024.0,4.0,11.0
Arabidopsis thaliana (L.) Heynh.,41.481977,-72.342426,United States of America,2024.0,4.0,21.0
Arabidopsis thaliana (L.) Heynh.,40.743455,-73.806484,United States of America,2024.0,5.0,3.0
Arabidopsis thaliana (L.) Heynh.,40.651692,-76.923507,United States of America,2024.0,5.0,3.0
Arabidopsis thaliana (L.) Heynh.,41.76036,-72.187451,United States of America,2024.0,5.0,3.0
Arabidopsis thaliana (L.) Heynh.,41.799275,-70.626011,United States of America,2024.0,5.0,4.0
Arabidopsis thaliana (L.) Heynh.,47.661577,-117.418209,United States of America,2024.0,5.0,5.0
Arabidopsis thaliana (L.) Heynh.,40.628669,-73.457774,United States of America,2024.0,5.0,7.0
Arabidopsis thaliana (L.) Heynh.,41.008694,-76.58583,United States of America,2024.0,5.0,7.0
Arabidopsis thaliana (L.) Heynh.,40.742928,-73.944017,United States of America,2024.0,5.0,7.0
Arabidopsis thaliana (L.) Heynh.,40.744755,-73.938187,United States of America,2024.0,5.0,7.0
Arabidopsis thaliana (L.) Heynh.,43.507975,-72.095857,United States of America,2024.0,5.0,9.0
Arabidopsis thaliana (L.) Heynh.,41.381041,-71.584773,United States of America,2024.0,5.0,9.0
Arabidopsis thaliana (L.) Heynh.,36.632845,-121.787441,United States of America,2024.0,5.0,11.0
Arabidopsis thaliana (L.) Heynh.,41.432351,-71.291882,United States of America,2024.0,5.0,13.0
Arabidopsis thaliana (L.) Heynh.,40.434626,-79.949781,United States of America,2024.0,5.0,14.0
Arabidopsis thaliana (L.) Heynh.,41.053119,-73.952468,United States of America,2024.0,5.0,14.0
Arabidopsis thaliana (L.) Heynh.,42.459003,-71.3209,United States of America,2024.0,5.0,13.0
Arabidopsis thaliana (L.) Heynh.,41.47942,-71.24179,United States of America,2024.0,5.0,10.0
Arabidopsis thaliana (L.) Heynh.,44.345988,-75.266472,United States of America,2024.0,5.0,15.0
Arabidopsis thaliana (L.) Heynh.,40.167278,-75.428616,United States of America,2024.0,5.0,16.0
Arabidopsis thaliana (L.) Heynh.,44.999845,-123.032036,United States of America,2024.0,5.0,16.0
Arabidopsis thaliana (L.) Heynh.,44.043081,-123.074805,United States of America,2024.0,5.0,17.0
Arabidopsis thaliana (L.) Heynh.,42.166486,-80.085464,United States of America,2024.0,5.0,18.0
Arabidopsis thaliana (L.) Heynh.,41.930373,-80.650444,United States of America,2024.0,5.0,19.0
Arabidopsis thaliana (L.) Heynh.,43.260253,-71.555345,United States of America,2024.0,5.0,22.0
Arabidopsis thaliana (L.) Heynh.,41.466667,-70.564063,United States of America,2024.0,5.0,28.0
Arabidopsis thaliana (L.) Heynh.,45.559491,-84.674724,United States of America,2024.0,5.0,28.0
Arabidopsis thaliana (L.) Heynh.,40.726555,-74.69918,United States of America,2024.0,5.0,29.0
Arabidopsis thaliana (L.) Heynh.,41.594783,-72.049312,United States of America,2024.0,5.0,30.0
Arabidopsis thaliana (L.) Heynh.,46.709842,-121.600538,United States of America,2024.0,5.0,31.0
Arabidopsis thaliana (L.) Heynh.,41.480084,-71.242376,United States of America,2024.0,5.0,10.0
Arabidopsis thaliana (L.) Heynh.,41.480084,-71.242376,United States of America,2024.0,5.0,10.0
Arabidopsis thaliana (L.) Heynh.,35.647267,-118.588555,United States of America,2024.0,5.0,22.0
Arabidopsis thaliana (L.) Heynh.,41.799501,-70.624697,United States of America,2024.0,5.0,5.0
Arabidopsis thaliana (L.) Heynh.,41.393917,-72.014964,United States of America,2024.0,5.0,11.0
Arabidopsis thaliana (L.) Heynh.,47.503536,-122.227508,United States of America,2024.0,6.0,1.0
Arabidopsis thaliana (L.) Heynh.,47.503738,-122.227522,United States of America,2024.0,6.0,1.0
Arabidopsis thaliana (L.) Heynh.,47.765153,-121.907237,United States of America,2024.0,6.0,1.0
Arabidopsis thaliana (L.) Heynh.,47.502311,-122.232924,United States of America,2024.0,6.0,16.0
Arabidopsis thaliana (L.) Heynh.,47.48933,-122.222083,United States of America,2024.0,6.0,18.0
Arabidopsis thaliana (L.) Heynh.,41.608809,-72.23507,United States of America,2024.0,6.0,14.0
Arabidopsis thaliana (L.) Heynh.,47.531115,-122.200515,United States of America,2024.0,8.0,11.0
Arabidopsis thaliana (L.) Heynh.,47.558573,-122.286762,United States of America,2024.0,8.0,20.0
Arabidopsis thaliana (L.) Heynh.,47.505255,-122.245084,United States of America,2024.0,8.0,21.0
Arabidopsis thaliana (L.) Heynh.,47.580658,-122.153344,United States of America,2024.0,9.0,23.0
Arabidopsis thaliana (L.) Heynh.,47.580538,-122.153122,United States of America,2024.0,9.0,24.0
Arabidopsis thaliana (L.) Heynh.,47.550687,-122.196228,United States of America,2024.0,10.0,2.0
Arabidopsis thaliana (L.) Heynh.,47.609572,-122.180533,United States of America,2024.0,10.0,7.0
Arabidopsis thaliana (L.) Heynh.,47.556362,-122.192453,United States of America,2024.0,10.0,11.0
Arabidopsis thaliana (L.) Heynh.,42.301333,-71.208839,United States of America,2024.0,10.0,12.0
Arabidopsis thaliana (L.) Heynh.,47.555387,-122.192733,United States of America,2024.0,10.0,11.0
Arabidopsis thaliana (L.) Heynh.,41.719837,-72.218413,United States of America,2024.0,10.0,16.0
Arabidopsis thaliana (L.) Heynh.,47.508413,-122.234755,United States of America,2024.0,10.0,24.0
Arabidopsis thaliana (L.) Heynh.,41.828995,-71.409683,United States of America,2024.0,10.0,28.0
Arabidopsis thaliana (L.) Heynh.,47.522995,-122.20745,United States of America,2024.0,11.0,3.0
Arabidopsis thaliana (L.) Heynh.,47.973111,-122.206411,United States of America,2024.0,11.0,10.0
Arabidopsis thaliana (L.) Heynh.,47.518508,-122.205658,United States of America,2024.0,11.0,18.0
Arabidopsis thaliana (L.) Heynh.,47.493412,-122.224808,United States of America,2024.0,11.0,19.0
Arabidopsis thaliana (L.) Heynh.,47.515762,-122.202492,United States of America,2024.0,11.0,18.0
Arabidopsis thaliana (L.) Heynh.,47.494638,-122.225913,United States of America,2024.0,12.0,9.0
Arabidopsis thaliana (L.) Heynh.,43.162613,-77.445434,United States of America,2024.0,12.0,30.0
Arabidopsis thaliana (L.) Heynh.,45.489149,-122.747308,United States of America,2023.0,1.0,1.0
Arabidopsis thaliana (L.) Heynh.,40.975594,-73.982233,United States of America,2023.0,1.0,19.0
Arabidopsis thaliana (L.) Heynh.,40.975188,-73.982347,United States of America,2023.0,1.0,19.0
Arabidopsis thaliana (L.) Heynh.,37.346386,-122.153763,United States of America,2023.0,2.0,11.0
Arabidopsis thaliana (L.) Heynh.,47.845382,-122.313384,United States of America,2023.0,2.0,25.0
Arabidopsis thaliana (L.) Heynh.,38.725964,-75.105758,United States of America,2023.0,3.0,1.0
Arabidopsis thaliana (L.) Heynh.,38.609219,-75.844431,United States of America,2023.0,3.0,1.0
Arabidopsis thaliana (L.) Heynh.,35.053627,-78.376457,United States of America,2023.0,3.0,7.0
Arabidopsis thaliana (L.) Heynh.,35.905029,-78.914101,United States of America,2023.0,3.0,11.0
Arabidopsis thaliana (L.) Heynh.,30.287826,-97.737701,United States of America,2023.0,3.0,7.0
Arabidopsis thaliana (L.) Heynh.,37.483985,-93.728842,United States of America,2023.0,3.0,17.0
Arabidopsis thaliana (L.) Heynh.,40.477946,-74.439997,United States of America,2023.0,3.0,17.0
Arabidopsis thaliana (L.) Heynh.,35.02672,-89.272238,United States of America,2023.0,3.0,20.0
Arabidopsis thaliana (L.) Heynh.,35.833282,-79.220024,United States of America,2023.0,3.0,21.0
Arabidopsis thaliana (L.) Heynh.,45.564851,-122.588838,United States of America,2023.0,3.0,22.0
Arabidopsis thaliana (L.) Heynh.,37.676976,-77.106469,United States of America,2023.0,3.0,22.0
Arabidopsis thaliana (L.) Heynh.,36.079388,-79.813124,United States of America,2023.0,3.0,22.0
Arabidopsis thaliana (L.) Heynh.,35.092855,-83.302305,United States of America,2023.0,3.0,23.0
Arabidopsis thaliana (L.) Heynh.,38.963872,-77.852325,United States of America,2023.0,3.0,24.0
Arabidopsis thaliana (L.) Heynh.,35.248291,-83.106903,United States of America,2023.0,3.0,24.0
Arabidopsis thaliana (L.) Heynh.,40.935822,-73.844429,United States of America,2023.0,3.0,24.0
Arabidopsis thaliana (L.) Heynh.,44.083796,-123.187709,United States of America,2023.0,3.0,24.0
Arabidopsis thaliana (L.) Heynh.,44.158771,-123.105353,United States of America,2023.0,3.0,24.0
Arabidopsis thaliana (L.) Heynh.,36.344665,-79.265987,United States of America,2023.0,3.0,26.0
Arabidopsis thaliana (L.) Heynh.,36.517273,-87.912913,United States of America,2023.0,3.0,26.0
Arabidopsis thaliana (L.) Heynh.,37.565031,-77.80009,United States of America,2023.0,3.0,25.0
Arabidopsis thaliana (L.) Heynh.,40.73503,-73.773596,United States of America,2023.0,3.0,27.0
Arabidopsis thaliana (L.) Heynh.,41.381162,-72.105658,United States of America,2023.0,3.0,27.0
Arabidopsis thaliana (L.) Heynh.,35.109671,-83.235098,United States of America,2023.0,3.0,27.0
Arabidopsis thaliana (L.) Heynh.,47.584033,-122.158225,United States of America,2023.0,3.0,28.0
Arabidopsis thaliana (L.) Heynh.,42.407538,-71.408783,United States of America,2023.0,3.0,28.0
Arabidopsis thaliana (L.) Heynh.,38.725267,-75.105331,United States of America,2023.0,3.0,28.0
Arabidopsis thaliana (L.) Heynh.,47.158878,-122.540311,United States of America,2023.0,3.0,28.0
Arabidopsis thaliana (L.) Heynh.,37.543687,-93.259724,United States of America,2023.0,3.0,28.0
Arabidopsis thaliana (L.) Heynh.,39.607155,-75.165613,United States of America,2023.0,3.0,28.0
Arabidopsis thaliana (L.) Heynh.,37.552128,-93.257501,United States of America,2023.0,3.0,28.0
Arabidopsis thaliana (L.) Heynh.,40.652119,-73.998542,United States of America,2023.0,3.0,26.0
Arabidopsis thaliana (L.) Heynh.,41.316623,-73.601674,United States of America,2023.0,3.0,29.0
Arabidopsis thaliana (L.) Heynh.,39.077831,-77.471353,United States of America,2023.0,3.0,29.0
Arabidopsis thaliana (L.) Heynh.,36.152869,-79.488339,United States of America,2023.0,3.0,30.0
Arabidopsis thaliana (L.) Heynh.,42.385386,-71.105719,United States of America,2023.0,3.0,30.0
Arabidopsis thaliana (L.) Heynh.,39.275095,-77.543936,United States of America,2023.0,3.0,29.0
Arabidopsis thaliana (L.) Heynh.,38.695788,-77.253371,United States of America,2023.0,3.0,31.0
Arabidopsis thaliana (L.) Heynh.,39.92991,-75.201637,United States of America,2023.0,3.0,31.0
Arabidopsis thaliana (L.) Heynh.,36.615367,-87.272428,United States of America,2023.0,3.0,31.0
Arabidopsis thaliana (L.) Heynh.,35.087949,-79.503477,United States of America,2023.0,3.0,31.0
Arabidopsis thaliana (L.) Heynh.,38.722394,-77.498553,United States of America,2023.0,3.0,29.0
Arabidopsis thaliana (L.) Heynh.,35.473319,-85.961061,United States of America,2023.0,3.0,31.0
Arabidopsis thaliana (L.) Heynh.,40.745875,-73.93528,United States of America,2023.0,3.0,29.0
Arabidopsis thaliana (L.) Heynh.,40.745728,-73.935897,United States of America,2023.0,3.0,29.0
Arabidopsis thaliana (L.) Heynh.,45.573347,-122.733789,United States of America,2023.0,3.0,18.0
Arabidopsis thaliana (L.) Heynh.,35.734324,-77.906095,United States of America,2023.0,3.0,7.0
Arabidopsis thaliana (L.) Heynh.,42.333462,-71.207951,United States of America,2023.0,4.0,1.0
Arabidopsis thaliana (L.) Heynh.,37.210463,-93.304955,United States of America,2023.0,4.0,1.0
Arabidopsis thaliana (L.) Heynh.,38.533322,-75.879678,United States of America,2023.0,4.0,1.0
Arabidopsis thaliana (L.) Heynh.,45.534844,-122.432815,United States of America,2023.0,4.0,1.0
Arabidopsis thaliana (L.) Heynh.,41.39066,-71.55373,United States of America,2023.0,4.0,2.0
Arabidopsis thaliana (L.) Heynh.,41.391697,-71.552009,United States of America,2023.0,4.0,2.0
Arabidopsis thaliana (L.) Heynh.,41.391275,-71.552046,United States of America,2023.0,4.0,2.0
Arabidopsis thaliana (L.) Heynh.,44.591299,-123.266034,United States of America,2023.0,4.0,1.0
Arabidopsis thaliana (L.) Heynh.,42.388692,-71.110839,United States of America,2023.0,4.0,3.0
Arabidopsis thaliana (L.) Heynh.,44.467475,-123.32843,United States of America,2023.0,4.0,3.0
Arabidopsis thaliana (L.) Heynh.,45.7305,-122.561225,United States of America,2023.0,4.0,3.0
Arabidopsis thaliana (L.) Heynh.,47.673998,-122.127065,United States of America,2023.0,4.0,3.0
Arabidopsis thaliana (L.) Heynh.,40.470261,-122.264978,United States of America,2021.0,4.0,15.0
Arabidopsis thaliana (L.) Heynh.,45.63465,-121.21593,United States of America,2021.0,4.0,17.0
Arabidopsis thaliana (L.) Heynh.,39.145415,-86.534645,United States of America,2021.0,4.0,21.0
Arabidopsis thaliana (L.) Heynh.,42.799144,-70.847128,United States of America,2021.0,4.0,21.0
Arabidopsis thaliana (L.) Heynh.,38.276124,-75.409946,United States of America,2021.0,4.0,11.0
Arabidopsis thaliana (L.) Heynh.,42.266463,-72.64869,United States of America,2021.0,4.0,22.0
Arabidopsis thaliana (L.) Heynh.,39.713946,-76.827152,United States of America,2021.0,4.0,22.0
Arabidopsis thaliana (L.) Heynh.,39.891483,-75.117504,United States of America,2021.0,4.0,24.0
Arabidopsis thaliana (L.) Heynh.,42.420463,-71.198702,United States of America,2021.0,4.0,24.0
Arabidopsis thaliana (L.) Heynh.,38.72732,-75.73316,United States of America,2021.0,4.0,24.0
Arabidopsis thaliana (L.) Heynh.,40.140061,-75.075083,United States of America,2021.0,4.0,25.0
Arabidopsis thaliana (L.) Heynh.,41.042935,-77.6245,United States of America,2021.0,4.0,25.0
Arabidopsis thaliana (L.) Heynh.,40.411339,-89.804411,United States of America,2021.0,4.0,25.0
Arabidopsis thaliana (L.) Heynh.,41.690279,-71.365723,United States of America,2021.0,4.0,25.0
Arabidopsis thaliana (L.) Heynh.,40.765032,-73.930052,United States of America,2021.0,4.0,26.0
Arabidopsis thaliana (L.) Heynh.,44.567378,-123.282871,United States of America,2021.0,4.0,25.0
Arabidopsis thaliana (L.) Heynh.,41.558347,-71.669188,United States of America,2021.0,4.0,25.0
Arabidopsis thaliana (L.) Heynh.,38.727902,-75.734449,United States of America,2021.0,4.0,24.0
Arabidopsis thaliana (L.) Heynh.,38.688131,-75.771246,United States of America,2021.0,4.0,24.0
Arabidopsis thaliana (L.) Heynh.,41.31919,-83.42162,United States of America,2021.0,4.0,26.0
Arabidopsis thaliana (L.) Heynh.,38.759887,-75.721881,United States of America,2021.0,4.0,24.0
Arabidopsis thaliana (L.) Heynh.,36.478025,-81.053109,United States of America,2021.0,4.0,26.0
Arabidopsis thaliana (L.) Heynh.,43.045449,-85.595377,United States of America,2021.0,4.0,27.0
Arabidopsis thaliana (L.) Heynh.,39.573206,-74.938133,United States of America,2021.0,4.0,27.0
Arabidopsis thaliana (L.) Heynh.,42.249171,-88.925094,United States of America,2021.0,4.0,27.0
Arabidopsis thaliana (L.) Heynh.,39.027009,-76.070905,United States of America,2021.0,4.0,28.0
Arabidopsis thaliana (L.) Heynh.,42.083473,-71.198334,United States of America,2021.0,4.0,28.0
Arabidopsis thaliana (L.) Heynh.,40.377195,-74.427068,United States of America,2021.0,4.0,29.0
Arabidopsis thaliana (L.) Heynh.,46.492832,-87.066008,United States of America,2021.0,4.0,29.0
Arabidopsis thaliana (L.) Heynh.,42.463268,-71.429828,United States of America,2021.0,4.0,30.0
Arabidopsis thaliana (L.) Heynh.,42.205273,-71.42659,United States of America,2021.0,4.0,30.0
Arabidopsis thaliana (L.) Heynh.,42.655926,-71.152534,United States of America,2021.0,4.0,30.0
Arabidopsis thaliana (L.) Heynh.,40.063678,-75.219834,United States of America,2021.0,4.0,30.0
Arabidopsis thaliana (L.) Heynh.,45.449975,-122.666511,United States of America,2021.0,4.0,30.0
Arabidopsis thaliana (L.) Heynh.,42.258658,-70.873725,United States of America,2021.0,4.0,30.0
Arabidopsis thaliana (L.) Heynh.,42.25872,-70.873992,United States of America,2021.0,4.0,30.0
Arabidopsis thaliana (L.) Heynh.,40.416138,-89.871849,United States of America,2021.0,4.0,26.0
Arabidopsis thaliana (L.) Heynh.,47.839756,-122.349467,United States of America,2021.0,4.0,29.0
Arabidopsis thaliana (L.) Heynh.,42.386444,-71.108494,United States of America,2021.0,4.0,30.0
Arabidopsis thaliana (L.) Heynh.,42.329391,-72.631778,United States of America,2021.0,4.0,21.0
Arabidopsis thaliana (L.) Heynh.,40.803723,-73.156573,United States of America,2021.0,4.0,28.0
Arabidopsis thaliana (L.) Heynh.,42.167875,-71.066224,United States of America,2021.0,4.0,15.0
Arabidopsis thaliana (L.) Heynh.,41.820924,-71.423634,United States of America,2021.0,4.0,19.0
Arabidopsis thaliana (L.) Heynh.,45.463048,-122.514632,United States of America,2021.0,4.0,20.0
Arabidopsis thaliana (L.) Heynh.,42.085575,-72.676971,United States of America,2021.0,4.0,20.0
Arabidopsis thaliana (L.) Heynh.,41.788492,-72.615265,United States of America,2021.0,4.0,25.0
Arabidopsis thaliana (L.) Heynh.,47.691694,-122.398028,United States of America,2021.0,4.0,25.0
Arabidopsis thaliana (L.) Heynh.,42.487285,-70.882947,United States of America,2021.0,4.0,27.0
Arabidopsis thaliana (L.) Heynh.,36.857359,-89.552546,United States of America,2021.0,4.0,19.0
Arabidopsis thaliana (L.) Heynh.,42.702731,-70.966146,United States of America,2021.0,5.0,4.0
Arabidopsis thaliana (L.) Heynh.,43.936167,-116.33468,United States of America,2021.0,5.0,6.0
Arabidopsis thaliana (L.) Heynh.,42.064817,-71.222305,United States of America,2021.0,5.0,3.0
Arabidopsis thaliana (L.) Heynh.,40.7019,-74.0551,United States of America,2021.0,5.0,25.0
Arabidopsis thaliana (L.) Heynh.,45.617,-122.0248,United States of America,2021.0,5.0,13.0
Arabidopsis thaliana (L.) Heynh.,40.603619,-73.924685,United States of America,2021.0,5.0,1.0
Arabidopsis thaliana (L.) Heynh.,42.454065,-71.393276,United States of America,2021.0,5.0,1.0
Arabidopsis thaliana (L.) Heynh.,40.536161,-74.226649,United States of America,2021.0,5.0,1.0
Arabidopsis thaliana (L.) Heynh.,40.760656,-73.846764,United States of America,2021.0,5.0,1.0
Arabidopsis thaliana (L.) Heynh.,42.10272,-76.259381,United States of America,2021.0,5.0,2.0
Arabidopsis thaliana (L.) Heynh.,39.609735,-75.16504,United States of America,2021.0,5.0,2.0
Arabidopsis thaliana (L.) Heynh.,40.748566,-74.00815,United States of America,2021.0,5.0,1.0
Arabidopsis thaliana (L.) Heynh.,42.584338,-71.317453,United States of America,2021.0,5.0,2.0
Arabidopsis thaliana (L.) Heynh.,42.62515,-70.710303,United States of America,2021.0,5.0,2.0
Arabidopsis thaliana (L.) Heynh.,48.330979,-116.529554,United States of America,2021.0,5.0,2.0
Arabidopsis thaliana (L.) Heynh.,43.432923,-90.770717,United States of America,2021.0,5.0,2.0
Arabidopsis thaliana (L.) Heynh.,41.93131,-80.647407,United States of America,2021.0,5.0,2.0
Arabidopsis thaliana (L.) Heynh.,41.672096,-86.978443,United States of America,2021.0,5.0,1.0
Arabidopsis thaliana (L.) Heynh.,41.672117,-86.978456,United States of America,2021.0,5.0,1.0
Arabidopsis thaliana (L.) Heynh.,41.764988,-70.089556,United States of America,2021.0,5.0,2.0
Arabidopsis thaliana (L.) Heynh.,40.859314,-73.878022,United States of America,2021.0,5.0,2.0
Arabidopsis thaliana (L.) Heynh.,40.859283,-73.878036,United States of America,2021.0,5.0,2.0
Arabidopsis thaliana (L.) Heynh.,40.00704,-75.042801,United States of America,2021.0,5.0,2.0
Arabidopsis thaliana (L.) Heynh.,36.734555,-79.477555,United States of America,2021.0,5.0,3.0
Arabidopsis thaliana (L.) Heynh.,42.445967,-71.081731,United States of America,2021.0,5.0,1.0
Arabidopsis thaliana (L.) Heynh.,42.415925,-71.475798,United States of America,2021.0,5.0,3.0
Arabidopsis thaliana (L.) Heynh.,42.314747,-71.042244,United States of America,2021.0,5.0,3.0
Arabidopsis thaliana (L.) Heynh.,41.678113,-87.528466,United States of America,2021.0,5.0,2.0
Arabidopsis thaliana (L.) Heynh.,41.931788,-71.160799,United States of America,2021.0,5.0,4.0
Arabidopsis thaliana (L.) Heynh.,47.552894,-122.15022,United States of America,2021.0,5.0,5.0
Arabidopsis thaliana (L.) Heynh.,40.604313,-73.9264,United States of America,2021.0,5.0,4.0
Arabidopsis thaliana (L.) Heynh.,40.638747,-73.870567,United States of America,2021.0,5.0,3.0
Arabidopsis thaliana (L.) Heynh.,45.876412,-122.87691,United States of America,2021.0,5.0,6.0
Arabidopsis thaliana (L.) Heynh.,41.655522,-70.321158,United States of America,2021.0,5.0,7.0
Arabidopsis thaliana (L.) Heynh.,40.073011,-75.227985,United States of America,2021.0,5.0,1.0
Arabidopsis thaliana (L.) Heynh.,43.034803,-76.137208,United States of America,2021.0,5.0,7.0
Arabidopsis thaliana (L.) Heynh.,43.03448,-76.137205,United States of America,2021.0,5.0,7.0
Arabidopsis thaliana (L.) Heynh.,42.380985,-72.676674,United States of America,2021.0,5.0,9.0
Arabidopsis thaliana (L.) Heynh.,39.300326,-75.795758,United States of America,2021.0,5.0,9.0
Arabidopsis thaliana (L.) Heynh.,41.420204,-73.636321,United States of America,2021.0,5.0,9.0
Arabidopsis thaliana (L.) Heynh.,43.033753,-76.138769,United States of America,2021.0,5.0,10.0
Arabidopsis thaliana (L.) Heynh.,40.8338,-73.579887,United States of America,2021.0,5.0,10.0
Arabidopsis thaliana (L.) Heynh.,41.107081,-87.439486,United States of America,2021.0,5.0,11.0
Arabidopsis thaliana (L.) Heynh.,42.215192,-70.744513,United States of America,2021.0,5.0,11.0
Arabidopsis thaliana (L.) Heynh.,43.090831,-70.755668,United States of America,2021.0,5.0,9.0
Arabidopsis thaliana (L.) Heynh.,43.083936,-89.376953,United States of America,2021.0,5.0,2.0
Arabidopsis thaliana (L.) Heynh.,42.650899,-71.138278,United States of America,2021.0,5.0,13.0
Arabidopsis thaliana (L.) Heynh.,40.604337,-73.926413,United States of America,2021.0,5.0,13.0
Arabidopsis thaliana (L.) Heynh.,43.675364,-70.44297,United States of America,2021.0,5.0,15.0
Arabidopsis thaliana (L.) Heynh.,47.750206,-116.759585,United States of America,2021.0,5.0,16.0
Arabidopsis thaliana (L.) Heynh.,47.652596,-122.349813,United States of America,2021.0,5.0,14.0
Arabidopsis thaliana (L.) Heynh.,41.366295,-86.513947,United States of America,2021.0,5.0,19.0
Arabidopsis thaliana (L.) Heynh.,43.507903,-72.095808,United States of America,2021.0,5.0,19.0
Arabidopsis thaliana (L.) Heynh.,38.174512,-120.062023,United States of America,2021.0,5.0,19.0
Arabidopsis thaliana (L.) Heynh.,40.776824,-73.942195,United States of America,2021.0,5.0,20.0
Arabidopsis thaliana (L.) Heynh.,42.374037,-71.146203,United States of America,2021.0,5.0,8.0
Arabidopsis thaliana (L.) Heynh.,42.058648,-71.528399,United States of America,2021.0,5.0,1.0
Arabidopsis thaliana (L.) Heynh.,41.595116,-71.960306,United States of America,2021.0,5.0,6.0
Arabidopsis thaliana (L.) Heynh.,42.395829,-71.564376,United States of America,2021.0,5.0,7.0
Arabidopsis thaliana (L.) Heynh.,42.875761,-78.425915,United States of America,2021.0,5.0,9.0
Arabidopsis thaliana (L.) Heynh.,42.529568,-71.108496,United States of America,2021.0,5.0,11.0
Arabidopsis thaliana (L.) Heynh.,40.728122,-75.186076,United States of America,2021.0,5.0,12.0
Arabidopsis thaliana (L.) Heynh.,47.54542,-122.388917,United States of America,2021.0,5.0,23.0
Arabidopsis thaliana (L.) Heynh.,41.48332,-73.769547,United States of America,2021.0,6.0,1.0
Arabidopsis thaliana (L.) Heynh.,43.079381,-89.379936,United States of America,2021.0,6.0,2.0
Arabidopsis thaliana (L.) Heynh.,47.665283,-116.849081,United States of America,2021.0,6.0,8.0
Arabidopsis thaliana (L.) Heynh.,43.805349,-71.812581,United States of America,2021.0,6.0,25.0
Arabidopsis thaliana (L.) Heynh.,46.290378,-122.218217,United States of America,2021.0,6.0,1.0
Arabidopsis thaliana (L.) Heynh.,42.100515,-80.059288,United States of America,2021.0,9.0,21.0
Arabidopsis thaliana (L.) Heynh.,39.479159,-88.175863,United States of America,2021.0,10.0,5.0
Arabidopsis thaliana (L.) Heynh.,40.975712,-73.981537,United States of America,2021.0,11.0,3.0
Arabidopsis thaliana (L.) Heynh.,41.703817,-72.490014,United States of America,2021.0,11.0,5.0
Arabidopsis thaliana (L.) Heynh.,35.00352,-81.928101,United States of America,2021.0,11.0,9.0
Arabidopsis thaliana (L.) Heynh.,45.382662,-122.740938,United States of America,2021.0,12.0,4.0
Arabidopsis thaliana (L.) Heynh.,41.435938,-71.719507,United States of America,2021.0,12.0,15.0
Arabidopsis thaliana (L.) Heynh.,47.792502,-122.211529,United States of America,2020.0,1.0,1.0
Arabidopsis thaliana (L.) Heynh.,34.066734,-118.440422,United States of America,2020.0,1.0,7.0
Arabidopsis thaliana (L.) Heynh.,44.677183,-122.968811,United States of America,2020.0,2.0,21.0
Arabidopsis thaliana (L.) Heynh.,46.645312,-122.984069,United States of America,2020.0,3.0,28.0
Arabidopsis thaliana (L.) Heynh.,45.813216,-122.737665,United States of America,2020.0,3.0,10.0
Arabidopsis thaliana (L.) Heynh.,37.359756,-76.675083,United States of America,2020.0,3.0,11.0
Arabidopsis thaliana (L.) Heynh.,37.364306,-76.779094,United States of America,2020.0,3.0,11.0
Arabidopsis thaliana (L.) Heynh.,35.908008,-79.050745,United States of America,2020.0,3.0,12.0
Arabidopsis thaliana (L.) Heynh.,40.859772,-73.879892,United States of America,2020.0,3.0,14.0
Arabidopsis thaliana (L.) Heynh.,38.759973,-75.721999,United States of America,2020.0,3.0,17.0
Arabidopsis thaliana (L.) Heynh.,45.63001,-122.65244,United States of America,2020.0,3.0,17.0
Arabidopsis thaliana (L.) Heynh.,37.572006,-77.212155,United States of America,2020.0,3.0,19.0
Arabidopsis thaliana (L.) Heynh.,38.675739,-75.751055,United States of America,2020.0,3.0,19.0
Arabidopsis thaliana (L.) Heynh.,44.589266,-123.267221,United States of America,2020.0,3.0,17.0
Arabidopsis thaliana (L.) Heynh.,33.19578,-94.02809,United States of America,2020.0,3.0,21.0
Arabidopsis thaliana (L.) Heynh.,44.695574,-123.212744,United States of America,2020.0,3.0,24.0
Arabidopsis thaliana (L.) Heynh.,42.0995,-72.584113,United States of America,2020.0,3.0,24.0
Arabidopsis thaliana (L.) Heynh.,38.74337,-75.747147,United States of America,2020.0,3.0,25.0
Arabidopsis thaliana (L.) Heynh.,37.228384,-80.453908,United States of America,2020.0,3.0,27.0
Arabidopsis thaliana (L.) Heynh.,48.62116,-122.836472,United States of America,2020.0,3.0,30.0
Arabidopsis thaliana (L.) Heynh.,36.142131,-94.322747,United States of America,2020.0,3.0,31.0
Arabidopsis thaliana (L.) Heynh.,45.560743,-122.615168,United States of America,2020.0,3.0,24.0
Arabidopsis thaliana (L.) Heynh.,37.526436,-77.441015,United States of America,2020.0,3.0,16.0
Arabidopsis thaliana (L.) Heynh.,47.996995,-122.046344,United States of America,2020.0,3.0,23.0
Arabidopsis thaliana (L.) Heynh.,44.487456,-73.13076,United States of America,2020.0,4.0,29.0
Arabidopsis thaliana (L.) Heynh.,35.936217,-79.304716,United States of America,2020.0,4.0,12.0
Arabidopsis thaliana (L.) Heynh.,38.993207,-75.794234,United States of America,2020.0,4.0,3.0
Arabidopsis thaliana (L.) Heynh.,40.806064,-77.871412,United States of America,2020.0,4.0,2.0
Arabidopsis thaliana (L.) Heynh.,44.559124,-123.272854,United States of America,2020.0,4.0,5.0
Arabidopsis thaliana (L.) Heynh.,38.73648,-90.717955,United States of America,2020.0,4.0,6.0
Arabidopsis thaliana (L.) Heynh.,42.298488,-71.617058,United States of America,2020.0,4.0,6.0
Arabidopsis thaliana (L.) Heynh.,48.753022,-122.348703,United States of America,2020.0,4.0,6.0
Arabidopsis thaliana (L.) Heynh.,46.921517,-122.577806,United States of America,2020.0,4.0,1.0
Arabidopsis thaliana (L.) Heynh.,41.821574,-72.635593,United States of America,2020.0,4.0,7.0
Arabidopsis thaliana (L.) Heynh.,41.301503,-82.531717,United States of America,2020.0,4.0,8.0
Arabidopsis thaliana (L.) Heynh.,47.900352,-121.95815,United States of America,2020.0,4.0,8.0
Arabidopsis thaliana (L.) Heynh.,45.534397,-122.625113,United States of America,2020.0,4.0,5.0
Arabidopsis thaliana (L.) Heynh.,44.586909,-123.263804,United States of America,2020.0,4.0,8.0
Arabidopsis thaliana (L.) Heynh.,42.35209,-71.399264,United States of America,2020.0,4.0,10.0
Arabidopsis thaliana (L.) Heynh.,45.304913,-122.334044,United States of America,2020.0,4.0,10.0
Arabidopsis thaliana (L.) Heynh.,45.551125,-122.828178,United States of America,2020.0,4.0,11.0
Arabidopsis thaliana (L.) Heynh.,42.396147,-71.156671,United States of America,2020.0,4.0,11.0
Arabidopsis thaliana (L.) Heynh.,35.936187,-79.304568,United States of America,2020.0,4.0,12.0
Arabidopsis thaliana (L.) Heynh.,42.070507,-71.624009,United States of America,2020.0,4.0,12.0
Arabidopsis thaliana (L.) Heynh.,47.890341,-121.961635,United States of America,2020.0,4.0,12.0
Arabidopsis thaliana (L.) Heynh.,41.187797,-86.726893,United States of America,2020.0,4.0,11.0
Arabidopsis thaliana (L.) Heynh.,47.83999,-122.349039,United States of America,2020.0,4.0,5.0
Arabidopsis thaliana (L.) Heynh.,47.502583,-122.23272,United States of America,2020.0,4.0,14.0
Arabidopsis thaliana (L.) Heynh.,40.902017,-74.006906,United States of America,2020.0,4.0,14.0
Arabidopsis thaliana (L.) Heynh.,39.066514,-123.148152,United States of America,2020.0,4.0,14.0
Arabidopsis thaliana (L.) Heynh.,40.415719,-78.013656,United States of America,2020.0,4.0,14.0
Arabidopsis thaliana (L.) Heynh.,38.781539,-77.801906,United States of America,2020.0,4.0,14.0
Arabidopsis thaliana (L.) Heynh.,40.90197,-74.006981,United States of America,2020.0,4.0,19.0
Arabidopsis thaliana (L.) Heynh.,40.736095,-73.999636,United States of America,2020.0,4.0,15.0
Arabidopsis thaliana (L.) Heynh.,41.235668,-73.110732,United States of America,2020.0,4.0,22.0
Arabidopsis thaliana (L.) Heynh.,41.859553,-71.394058,United States of America,2020.0,4.0,22.0
Arabidopsis thaliana (L.) Heynh.,42.266497,-72.595,United States of America,2020.0,4.0,23.0
Arabidopsis thaliana (L.) Heynh.,40.768016,-73.959723,United States of America,2020.0,4.0,23.0
Arabidopsis thaliana (L.) Heynh.,40.768416,-73.959431,United States of America,2020.0,4.0,23.0
Arabidopsis thaliana (L.) Heynh.,40.768464,-73.959473,United States of America,2020.0,4.0,23.0
Arabidopsis thaliana (L.) Heynh.,39.957469,-90.476701,United States of America,2020.0,4.0,23.0
Arabidopsis thaliana (L.) Heynh.,40.771046,-73.94921,United States of America,2020.0,4.0,24.0
Arabidopsis thaliana (L.) Heynh.,40.901975,-74.007033,United States of America,2020.0,4.0,24.0
Arabidopsis thaliana (L.) Heynh.,41.79893,-73.4186,United States of America,2020.0,4.0,25.0
Arabidopsis thaliana (L.) Heynh.,40.727071,-74.046206,United States of America,2020.0,4.0,25.0
Arabidopsis thaliana (L.) Heynh.,40.379297,-74.964522,United States of America,2020.0,4.0,25.0
Arabidopsis thaliana (L.) Heynh.,40.605717,-73.927308,United States of America,2020.0,4.0,25.0
Arabidopsis thaliana (L.) Heynh.,42.421722,-71.115142,United States of America,2020.0,4.0,24.0
Arabidopsis thaliana (L.) Heynh.,41.641445,-87.551157,United States of America,2020.0,4.0,26.0
Arabidopsis thaliana (L.) Heynh.,39.976478,-75.209433,United States of America,2020.0,4.0,25.0
Arabidopsis thaliana (L.) Heynh.,44.056464,-123.097428,United States of America,2020.0,4.0,27.0
Arabidopsis thaliana (L.) Heynh.,47.888386,-121.953814,United States of America,2020.0,4.0,27.0
Arabidopsis thaliana (L.) Heynh.,40.53687,-75.070133,United States of America,2020.0,4.0,27.0
Arabidopsis thaliana (L.) Heynh.,42.595468,-84.139135,United States of America,2020.0,4.0,25.0
Arabidopsis thaliana (L.) Heynh.,40.565251,-75.098869,United States of America,2020.0,4.0,27.0
Arabidopsis thaliana (L.) Heynh.,39.675077,-76.670781,United States of America,2020.0,4.0,27.0
Arabidopsis thaliana (L.) Heynh.,40.270743,-74.60947,United States of America,2020.0,4.0,8.0
Arabidopsis thaliana (L.) Heynh.,41.510812,-72.319297,United States of America,2020.0,4.0,28.0
Arabidopsis thaliana (L.) Heynh.,39.566047,-74.234848,United States of America,2020.0,4.0,28.0
Arabidopsis thaliana (L.) Heynh.,40.85997,-77.785287,United States of America,2020.0,4.0,26.0
Arabidopsis thaliana (L.) Heynh.,37.940307,-79.146321,United States of America,2020.0,4.0,29.0
Arabidopsis thaliana (L.) Heynh.,43.050662,-77.564121,United States of America,2020.0,4.0,29.0
Arabidopsis thaliana (L.) Heynh.,40.6689,-73.480828,United States of America,2020.0,4.0,19.0
Arabidopsis thaliana (L.) Heynh.,38.985847,-77.2455,United States of America,2020.0,4.0,25.0
Arabidopsis thaliana (L.) Heynh.,40.523959,-74.499182,United States of America,2020.0,4.0,28.0
Arabidopsis thaliana (L.) Heynh.,40.194704,-75.575644,United States of America,2020.0,4.0,24.0
Arabidopsis thaliana (L.) Heynh.,48.171589,-116.852822,United States of America,2020.0,4.0,29.0
Arabidopsis thaliana (L.) Heynh.,48.915281,-116.497094,United States of America,2020.0,4.0,20.0
Arabidopsis thaliana (L.) Heynh.,45.473483,-122.589062,United States of America,2020.0,4.0,13.0
Arabidopsis thaliana (L.) Heynh.,47.125841,-122.239376,United States of America,2020.0,4.0,20.0
Arabidopsis thaliana (L.) Heynh.,40.914614,-73.883672,United States of America,2020.0,4.0,20.0
Arabidopsis thaliana (L.) Heynh.,40.914614,-73.883672,United States of America,2020.0,4.0,20.0
Arabidopsis thaliana (L.) Heynh.,40.914614,-73.883672,United States of America,2020.0,4.0,20.0
Arabidopsis thaliana (L.) Heynh.,40.914636,-73.883461,United States of America,2020.0,4.0,29.0
Arabidopsis thaliana (L.) Heynh.,40.914636,-73.883461,United States of America,2020.0,4.0,29.0
Arabidopsis thaliana (L.) Heynh.,40.914636,-73.883461,United States of America,2020.0,4.0,29.0
Arabidopsis thaliana (L.) Heynh.,42.63045,-86.03191,United States of America,2020.0,5.0,20.0
Arabidopsis thaliana (L.) Heynh.,42.28058,-111.74042,United States of America,2020.0,5.0,12.0
Arabidopsis thaliana (L.) Heynh.,43.206111,-90.093333,United States of America,2020.0,5.0,24.0
Arabidopsis thaliana (L.) Heynh.,41.510213,-112.015502,United States of America,2020.0,5.0,24.0
Arabidopsis thaliana (L.) Heynh.,40.382008,-78.052964,United States of America,2020.0,5.0,19.0
Arabidopsis thaliana (L.) Heynh.,48.797669,-116.418734,United States of America,2020.0,5.0,14.0
Arabidopsis thaliana (L.) Heynh.,42.461836,-75.06252,United States of America,2020.0,5.0,1.0
Arabidopsis thaliana (L.) Heynh.,42.346358,-83.062206,United States of America,2020.0,5.0,1.0
Arabidopsis thaliana (L.) Heynh.,41.13605,-87.989584,United States of America,2020.0,5.0,2.0
Arabidopsis thaliana (L.) Heynh.,41.556686,-72.762894,United States of America,2020.0,5.0,3.0
Arabidopsis thaliana (L.) Heynh.,41.760291,-72.187241,United States of America,2020.0,5.0,4.0
Arabidopsis thaliana (L.) Heynh.,39.792576,-74.277275,United States of America,2020.0,5.0,6.0
Arabidopsis thaliana (L.) Heynh.,41.438913,-72.059463,United States of America,2020.0,5.0,6.0
Arabidopsis thaliana (L.) Heynh.,41.560498,-75.773466,United States of America,2020.0,5.0,7.0
Arabidopsis thaliana (L.) Heynh.,42.549366,-71.045393,United States of America,2020.0,5.0,8.0
Arabidopsis thaliana (L.) Heynh.,42.478025,-71.048166,United States of America,2020.0,5.0,8.0
Arabidopsis thaliana (L.) Heynh.,43.65716,-73.229171,United States of America,2020.0,5.0,8.0
Arabidopsis thaliana (L.) Heynh.,40.880272,-73.078872,United States of America,2020.0,5.0,9.0
Arabidopsis thaliana (L.) Heynh.,41.402968,-75.637845,United States of America,2020.0,5.0,10.0
Arabidopsis thaliana (L.) Heynh.,40.774783,-73.942346,United States of America,2020.0,5.0,10.0
Arabidopsis thaliana (L.) Heynh.,42.627505,-71.296363,United States of America,2020.0,5.0,11.0
Arabidopsis thaliana (L.) Heynh.,42.645722,-70.801149,United States of America,2020.0,5.0,11.0
Arabidopsis thaliana (L.) Heynh.,40.543995,-78.094608,United States of America,2020.0,5.0,14.0
Arabidopsis thaliana (L.) Heynh.,42.460074,-71.27141,United States of America,2020.0,5.0,15.0
Arabidopsis thaliana (L.) Heynh.,38.871872,-77.096711,United States of America,2020.0,5.0,18.0
Arabidopsis thaliana (L.) Heynh.,40.60383,-73.924813,United States of America,2020.0,5.0,15.0
Arabidopsis thaliana (L.) Heynh.,41.327931,-72.973069,United States of America,2020.0,5.0,19.0
Arabidopsis thaliana (L.) Heynh.,45.742205,-122.767324,United States of America,2020.0,5.0,20.0
Arabidopsis thaliana (L.) Heynh.,42.563265,-70.948509,United States of America,2020.0,5.0,20.0
Arabidopsis thaliana (L.) Heynh.,40.770685,-73.950594,United States of America,2020.0,5.0,20.0
Arabidopsis thaliana (L.) Heynh.,42.33931,-71.54984,United States of America,2020.0,5.0,20.0
Arabidopsis thaliana (L.) Heynh.,39.657848,-76.663169,United States of America,2020.0,5.0,13.0
Arabidopsis thaliana (L.) Heynh.,43.507796,-72.096134,United States of America,2020.0,5.0,21.0
Arabidopsis thaliana (L.) Heynh.,43.69604,-89.390063,United States of America,2020.0,5.0,5.0
Arabidopsis thaliana (L.) Heynh.,44.851331,-85.764776,United States of America,2020.0,5.0,29.0
Arabidopsis thaliana (L.) Heynh.,40.822081,-72.651897,United States of America,2020.0,5.0,31.0
Arabidopsis thaliana (L.) Heynh.,48.285734,-116.82735,United States of America,2020.0,5.0,28.0
Arabidopsis thaliana (L.) Heynh.,40.349747,-74.559089,United States of America,2020.0,5.0,3.0
Arabidopsis thaliana (L.) Heynh.,48.198145,-116.791688,United States of America,2020.0,5.0,11.0
Arabidopsis thaliana (L.) Heynh.,42.57884,-86.02113,United States of America,2020.0,5.0,1.0
Arabidopsis thaliana (L.) Heynh.,41.697089,-81.248292,United States of America,2020.0,5.0,2.0
Arabidopsis thaliana (L.) Heynh.,41.583283,-72.903808,United States of America,2020.0,5.0,2.0
Arabidopsis thaliana (L.) Heynh.,42.141195,-72.307531,United States of America,2020.0,5.0,3.0
Arabidopsis thaliana (L.) Heynh.,41.8422,-72.748128,United States of America,2020.0,5.0,11.0
Arabidopsis thaliana (L.) Heynh.,41.3715,-72.724986,United States of America,2020.0,5.0,18.0
Arabidopsis thaliana (L.) Heynh.,41.3715,-72.724986,United States of America,2020.0,5.0,20.0
Arabidopsis thaliana (L.) Heynh.,41.3715,-72.724986,United States of America,2020.0,5.0,20.0
Arabidopsis thaliana (L.) Heynh.,42.038151,-71.421564,United States of America,2020.0,5.0,21.0
Arabidopsis thaliana (L.) Heynh.,35.588421,-117.671544,United States of America,2020.0,6.0,8.0
Arabidopsis thaliana (L.) Heynh.,48.993002,-116.570127,United States of America,2020.0,6.0,9.0
Arabidopsis thaliana (L.) Heynh.,47.657453,-122.141792,United States of America,2020.0,6.0,5.0
Arabidopsis thaliana (L.) Heynh.,42.39819,-111.48713,United States of America,2020.0,7.0,1.0
Arabidopsis thaliana (L.) Heynh.,42.39819,-111.48713,United States of America,2020.0,7.0,1.0
Arabidopsis thaliana (L.) Heynh.,42.39819,-111.48713,United States of America,2020.0,7.0,1.0
Arabidopsis thaliana (L.) Heynh.,47.066351,-122.845666,United States of America,2020.0,8.0,8.0
Arabidopsis thaliana (L.) Heynh.,40.657528,-73.474158,United States of America,2020.0,9.0,30.0
Arabidopsis thaliana (L.) Heynh.,40.330442,-74.942547,United States of America,2020.0,10.0,6.0
Arabidopsis thaliana (L.) Heynh.,40.589505,-73.554772,United States of America,2020.0,11.0,11.0
Arabidopsis thaliana (L.) Heynh.,41.170988,-73.415612,United States of America,2020.0,11.0,15.0
Arabidopsis thaliana (L.) Heynh.,35.40789,-78.221666,United States of America,2019.0,2.0,28.0
Arabidopsis thaliana (L.) Heynh.,45.564279,-122.638481,United States of America,2019.0,3.0,5.0
Arabidopsis thaliana (L.) Heynh.,38.542797,-121.763313,United States of America,2019.0,3.0,10.0
Arabidopsis thaliana (L.) Heynh.,37.007733,-76.656822,United States of America,2019.0,3.0,11.0
Arabidopsis thaliana (L.) Heynh.,35.772593,-78.643962,United States of America,2019.0,3.0,15.0
Arabidopsis thaliana (L.) Heynh.,33.790121,-95.584653,United States of America,2019.0,3.0,14.0
Arabidopsis thaliana (L.) Heynh.,34.386641,-87.422312,United States of America,2019.0,3.0,17.0
Arabidopsis thaliana (L.) Heynh.,45.562671,-122.406757,United States of America,2019.0,3.0,20.0
Arabidopsis thaliana (L.) Heynh.,45.560692,-122.398393,United States of America,2019.0,3.0,20.0
Arabidopsis thaliana (L.) Heynh.,45.555263,-122.65882,United States of America,2019.0,3.0,21.0
Arabidopsis thaliana (L.) Heynh.,34.624112,-86.541542,United States of America,2019.0,3.0,22.0
Arabidopsis thaliana (L.) Heynh.,48.41762,-122.5733,United States of America,2019.0,3.0,23.0
Arabidopsis thaliana (L.) Heynh.,45.519118,-122.612644,United States of America,2019.0,3.0,24.0
Arabidopsis thaliana (L.) Heynh.,47.834186,-122.125642,United States of America,2019.0,3.0,25.0
Arabidopsis thaliana (L.) Heynh.,45.554655,-122.657581,United States of America,2019.0,3.0,26.0
Arabidopsis thaliana (L.) Heynh.,45.516563,-122.661052,United States of America,2019.0,3.0,29.0
Arabidopsis thaliana (L.) Heynh.,44.452934,-123.241503,United States of America,2019.0,3.0,31.0
Arabidopsis thaliana (L.) Heynh.,34.050556,-77.90712,United States of America,2019.0,3.0,30.0
Arabidopsis thaliana (L.) Heynh.,34.20019,-118.29881,United States of America,2001.0,3.0,31.0
Arabidopsis thaliana (L.) Heynh.,34.200278,-118.282222,United States of America,2001.0,3.0,31.0
Arabidopsis thaliana (L.) Heynh.,39.360833,-121.5375,United States of America,2001.0,3.0,22.0
Arabidopsis thaliana (L.) Heynh.,34.200278,-118.282222,United States of America,2001.0,3.0,31.0
Arabidopsis thaliana (L.) Heynh.,34.200278,-118.282222,United States of America,2001.0,3.0,31.0
Arabidopsis thaliana (L.) Heynh.,34.19753,-118.29382,United States of America,2001.0,3.0,31.0
Arabidopsis thaliana (L.) Heynh.,34.2,-118.29,United States of America,2001.0,3.0,31.0
Arabidopsis thaliana (L.) Heynh.,34.2002,-118.2988,United States of America,2001.0,3.0,31.0
Arabidopsis thaliana (L.) Heynh.,41.92969,-84.99304,United States of America,2001.0,4.0,27.0
Arabidopsis thaliana (L.) Heynh.,48.011667,-122.77,United States of America,2001.0,4.0,19.0
Arabidopsis thaliana (L.) Heynh.,41.74666,-70.14333,United States of America,2001.0,4.0,27.0
Arabidopsis thaliana (L.) Heynh.,33.975,-117.325,United States of America,2001.0,5.0,1.0
Arabidopsis thaliana (L.) Heynh.,40.075278,-121.652778,United States of America,2001.0,5.0,7.0
Arabidopsis thaliana (L.) Heynh.,43.69132,-85.47371,United States of America,2001.0,5.0,29.0
Arabidopsis thaliana (L.) Heynh.,33.992283,-80.987918,United States of America,2001.0,5.0,7.0
Arabidopsis thaliana (L.) Heynh.,40.0675,-121.650276,United States of America,2001.0,5.0,7.0
Arabidopsis thaliana (L.) Heynh.,33.992283,-80.987918,United States of America,2001.0,6.0,12.0
Arabidopsis thaliana (L.) Heynh.,33.992283,-80.987918,United States of America,2001.0,6.0,12.0
Arabidopsis thaliana (L.) Heynh.,40.585979,-73.885374,United States of America,2000.0,3.0,30.0
Arabidopsis thaliana (L.) Heynh.,36.70222,-91.70361,United States of America,2000.0,3.0,15.0
Arabidopsis thaliana (L.) Heynh.,40.635009,-73.823432,United States of America,2000.0,4.0,28.0
Arabidopsis thaliana (L.) Heynh.,44.53042,-87.92125,United States of America,2000.0,4.0,28.0
Arabidopsis thaliana (L.) Heynh.,46.738333,-121.908056,United States of America,2000.0,4.0,18.0
Arabidopsis thaliana (L.) Heynh.,41.87305,-72.12194,United States of America,2000.0,4.0,29.0
Arabidopsis thaliana (L.) Heynh.,40.496111,-112.398889,United States of America,2000.0,5.0,13.0
Arabidopsis thaliana (L.) Heynh.,40.496667,-112.3975,United States of America,2000.0,5.0,12.0
Arabidopsis thaliana (L.) Heynh.,40.50805,-112.35222,United States of America,2000.0,5.0,11.0
Arabidopsis thaliana (L.) Heynh.,35.131293,-79.428664,United States of America,1999.0,3.0,31.0
Arabidopsis thaliana (L.) Heynh.,35.866828,-76.748556,United States of America,1999.0,3.0,17.0
Arabidopsis thaliana (L.) Heynh.,42.963,-86.217,United States of America,1999.0,5.0,14.0
Arabidopsis thaliana (L.) Heynh.,39.735331,-78.438903,United States of America,1999.0,5.0,13.0
Arabidopsis thaliana (L.) Heynh.,41.91052,-84.62634,United States of America,1999.0,5.0,19.0
Arabidopsis thaliana (L.) Heynh.,48.4069,-115.6552,United States of America,1999.0,6.0,10.0
Arabidopsis thaliana (L.) Heynh.,43.71339,-85.35509,United States of America,1998.0,4.0,20.0
Arabidopsis thaliana (L.) Heynh.,41.905,-72.70194,United States of America,1998.0,4.0,29.0
Arabidopsis thaliana (L.) Heynh.,41.49888,-72.90055,United States of America,1998.0,4.0,28.0
Arabidopsis thaliana (L.) Heynh.,40.35861,-74.95222,United States of America,1998.0,4.0,19.0
Arabidopsis thaliana (L.) Heynh.,40.555,-123.061944,United States of America,1998.0,5.0,14.0
Arabidopsis thaliana (L.) Heynh.,43.604693,-86.029379,United States of America,1998.0,5.0,6.0
Arabidopsis thaliana (L.) Heynh.,48.3924,-113.9711,United States of America,1998.0,5.0,17.0
Arabidopsis thaliana (L.) Heynh.,38.5317413,-120.4354421,United States of America,1998.0,5.0,17.0
Arabidopsis thaliana (L.) Heynh.,40.5572814,-123.0989325,United States of America,1998.0,5.0,14.0
Arabidopsis thaliana (L.) Heynh.,40.5572814,-123.0989325,United States of America,1998.0,5.0,14.0
Arabidopsis thaliana (L.) Heynh.,40.903056,-111.836667,United States of America,1998.0,6.0,13.0
Arabidopsis thaliana (L.) Heynh.,40.909722,-111.84,United States of America,1998.0,6.0,13.0
Arabidopsis thaliana (L.) Heynh.,40.6425,-111.815,United States of America,1998.0,6.0,11.0
Arabidopsis thaliana (L.) Heynh.,40.570556,-111.758333,United States of America,1998.0,6.0,12.0
Arabidopsis thaliana (L.) Heynh.,45.571369,-84.724188,United States of America,1998.0,6.0,12.0
Arabidopsis thaliana (L.) Heynh.,37.56222,-90.44416,United States of America,1997.0,3.0,21.0
Arabidopsis thaliana (L.) Heynh.,36.725,-119.466667,United States of America,1997.0,4.0,3.0
Arabidopsis thaliana (L.) Heynh.,36.725,-119.46667,United States of America,1997.0,4.0,3.0
Arabidopsis thaliana (L.) Heynh.,33.992283,-80.987918,United States of America,1997.0,4.0,8.0
Arabidopsis thaliana (L.) Heynh.,33.992283,-80.987918,United States of America,1997.0,4.0,8.0
Arabidopsis thaliana (L.) Heynh.,33.992283,-80.987918,United States of America,1997.0,4.0,9.0
Arabidopsis thaliana (L.) Heynh.,33.992283,-80.987918,United States of America,1997.0,4.0,8.0
Arabidopsis thaliana (L.) Heynh.,42.588,-86.015,United States of America,1997.0,5.0,23.0
Arabidopsis thaliana (L.) Heynh.,41.01667,-76.25,United States of America,1997.0,5.0,18.0
Arabidopsis thaliana (L.) Heynh.,32.03,-85.12,United States of America,1997.0,5.0,10.0
Arabidopsis thaliana (L.) Heynh.,44.32436,-73.0902,United States of America,1997.0,5.0,31.0
Arabidopsis thaliana (L.) Heynh.,42.98299,-82.65255,United States of America,1997.0,5.0,23.0
Arabidopsis thaliana (L.) Heynh.,42.23619,-122.76735,United States of America,1997.0,5.0,8.0
Arabidopsis thaliana (L.) Heynh.,41.96166,-73.30833,United States of America,1997.0,5.0,21.0
Arabidopsis thaliana (L.) Heynh.,48.393996,-113.978858,United States of America,1997.0,6.0,12.0
Arabidopsis thaliana (L.) Heynh.,33.992283,-80.987918,United States of America,1997.0,8.0,22.0
Arabidopsis thaliana (L.) Heynh.,40.266111,-122.178333,United States of America,1996.0,4.0,8.0
Arabidopsis thaliana (L.) Heynh.,33.8256,-88.5489,United States of America,1996.0,4.0,10.0
Arabidopsis thaliana (L.) Heynh.,40.2663944,-122.1690066,United States of America,1996.0,4.0,8.0
Arabidopsis thaliana (L.) Heynh.,40.8551,-84.446045,United States of America,1996.0,5.0,20.0
Arabidopsis thaliana (L.) Heynh.,39.73556,-76.04306,United States of America,1996.0,5.0,9.0
Arabidopsis thaliana (L.) Heynh.,40.088444,-75.221011,United States of America,1996.0,5.0,30.0
Arabidopsis thaliana (L.) Heynh.,41.15,-73.77,United States of America,1996.0,5.0,8.0
Arabidopsis thaliana (L.) Heynh.,39.714392,-76.040013,United States of America,1996.0,7.0,23.0
Arabidopsis thaliana (L.) Heynh.,43.73194,-71.58833,United States of America,1996.0,9.0,18.0
Arabidopsis thaliana (L.) Heynh.,41.620556,-112.546667,United States of America,1995.0,4.0,28.0
Arabidopsis thaliana (L.) Heynh.,36.52694,-91.82722,United States of America,1995.0,4.0,1.0
Arabidopsis thaliana (L.) Heynh.,41.50027,-111.95833,United States of America,1995.0,5.0,5.0
Arabidopsis thaliana (L.) Heynh.,40.073079,-80.74034,United States of America,1995.0,5.0,16.0
Arabidopsis thaliana (L.) Heynh.,39.98333,-78.25,United States of America,1995.0,5.0,8.0
Arabidopsis thaliana (L.) Heynh.,41.500278,-111.958333,United States of America,1995.0,5.0,5.0
Arabidopsis thaliana (L.) Heynh.,46.80241,-117.560406,United States of America,1995.0,5.0,1.0
Arabidopsis thaliana (L.) Heynh.,41.97611,-72.55833,United States of America,1995.0,5.0,17.0
Arabidopsis thaliana (L.) Heynh.,41.3708,-72.1475,United States of America,1995.0,5.0,16.0
Arabidopsis thaliana (L.) Heynh.,40.1625,-79.268056,United States of America,1995.0,6.0,2.0
Arabidopsis thaliana (L.) Heynh.,40.386944,-79.7625,United States of America,1994.0,4.0,24.0
Arabidopsis thaliana (L.) Heynh.,41.038136,-79.625668,United States of America,1994.0,4.0,23.0
Arabidopsis thaliana (L.) Heynh.,39.986284,-83.04491,United States of America,1994.0,4.0,29.0
Arabidopsis thaliana (L.) Heynh.,42.33426,-85.30981,United States of America,1994.0,4.0,27.0
Arabidopsis thaliana (L.) Heynh.,41.96527,-71.96805,United States of America,1994.0,4.0,25.0
Arabidopsis thaliana (L.) Heynh.,40.330556,-79.676389,United States of America,1994.0,5.0,16.0
Arabidopsis thaliana (L.) Heynh.,40.26389,-79.56111,United States of America,1994.0,5.0,16.0
Arabidopsis thaliana (L.) Heynh.,40.16944,-79.76667,United States of America,1994.0,5.0,18.0
Arabidopsis thaliana (L.) Heynh.,40.49364,-79.86168,United States of America,1994.0,5.0,30.0
Arabidopsis thaliana (L.) Heynh.,41.3114,-72.9247,United States of America,1994.0,5.0,7.0
Arabidopsis thaliana (L.) Heynh.,41.978963,-76.515499,United States of America,1994.0,6.0,18.0
Arabidopsis thaliana (L.) Heynh.,36.578708,-76.152223,United States of America,1993.0,3.0,28.0
Arabidopsis thaliana (L.) Heynh.,37.06138,-89.495,United States of America,1993.0,4.0,30.0
Arabidopsis thaliana (L.) Heynh.,41.935841,-80.53747,United States of America,1993.0,5.0,4.0
Arabidopsis thaliana (L.) Heynh.,40.207166,-76.749508,United States of America,1993.0,5.0,6.0
Arabidopsis thaliana (L.) Heynh.,36.89194,-90.45361,United States of America,1993.0,5.0,13.0
Arabidopsis thaliana (L.) Heynh.,41.7075,-71.82861,United States of America,1993.0,5.0,11.0
Arabidopsis thaliana (L.) Heynh.,39.446667,-122.954722,United States of America,1993.0,6.0,23.0
Arabidopsis thaliana (L.) Heynh.,40.933056,-122.575278,United States of America,1993.0,6.0,2.0
Arabidopsis thaliana (L.) Heynh.,33.992283,-80.987918,United States of America,1993.0,9.0,9.0
Arabidopsis thaliana (L.) Heynh.,39.535278,-121.345556,United States of America,1992.0,3.0,9.0
Arabidopsis thaliana (L.) Heynh.,39.535278,-121.345556,United States of America,1992.0,3.0,9.0
Arabidopsis thaliana (L.) Heynh.,33.219056,-79.238384,United States of America,1992.0,3.0,16.0
Arabidopsis thaliana (L.) Heynh.,39.5329145,-121.3444768,United States of America,1992.0,3.0,9.0
Arabidopsis thaliana (L.) Heynh.,39.745833,-121.810278,United States of America,1992.0,4.0,8.0
Arabidopsis thaliana (L.) Heynh.,35.844615,-78.373158,United States of America,1992.0,4.0,19.0
Arabidopsis thaliana (L.) Heynh.,38.4383,-77.3428,United States of America,1992.0,4.0,26.0
Arabidopsis thaliana (L.) Heynh.,39.5329131,-121.5118807,United States of America,1992.0,4.0,8.0
Arabidopsis thaliana (L.) Heynh.,37.90056,-84.268333,United States of America,1992.0,4.0,26.0
Arabidopsis thaliana (L.) Heynh.,37.60611,-91.72888,United States of America,1992.0,4.0,16.0
Arabidopsis thaliana (L.) Heynh.,40.56372,-79.77445,United States of America,1992.0,5.0,12.0
Arabidopsis thaliana (L.) Heynh.,44.64028,-84.79469,United States of America,1992.0,5.0,26.0
Arabidopsis thaliana (L.) Heynh.,37.90056,-84.268333,United States of America,1992.0,5.0,11.0
Arabidopsis thaliana (L.) Heynh.,41.66666,-73.50833,United States of America,1992.0,5.0,20.0
Arabidopsis thaliana (L.) Heynh.,41.72472,-73.47694,United States of America,1992.0,5.0,20.0
Arabidopsis thaliana (L.) Heynh.,41.57694,-73.40833,United States of America,1992.0,5.0,20.0
Arabidopsis thaliana (L.) Heynh.,40.45,-111.97,United States of America,1992.0,6.0,2.0
Arabidopsis thaliana (L.) Heynh.,35.827866,-83.674894,United States of America,1971.0,4.0,21.0
Arabidopsis thaliana (L.) Heynh.,0.0,0.0,United States of America,1971.0,4.0,16.0
Arabidopsis thaliana (L.) Heynh.,0.0,0.0,United States of America,1971.0,4.0,14.0
Arabidopsis thaliana (L.) Heynh.,36.402678,-78.992291,United States of America,1971.0,4.0,19.0
Arabidopsis thaliana (L.) Heynh.,39.798921,-76.290728,United States of America,1971.0,4.0,22.0
Arabidopsis thaliana (L.) Heynh.,38.20805,-91.16027,United States of America,1971.0,4.0,13.0
Arabidopsis thaliana (L.) Heynh.,35.82777,-83.675,United States of America,1971.0,4.0,21.0
Arabidopsis thaliana (L.) Heynh.,46.884,-113.988,United States of America,1971.0,5.0,29.0
Arabidopsis thaliana (L.) Heynh.,39.92387,-80.50558,United States of America,1971.0,5.0,8.0
Arabidopsis thaliana (L.) Heynh.,39.491022,-82.326662,United States of America,1971.0,5.0,8.0
Arabidopsis thaliana (L.) Heynh.,41.135452,-111.900401,United States of America,1971.0,5.0,6.0
Arabidopsis thaliana (L.) Heynh.,41.133066,-111.792368,United States of America,1971.0,5.0,6.0
Arabidopsis thaliana (L.) Heynh.,44.191,-122.79503,United States of America,1971.0,5.0,29.0
Arabidopsis thaliana (L.) Heynh.,40.602227,-75.414411,United States of America,1971.0,6.0,7.0
Arabidopsis thaliana (L.) Heynh.,41.772115,-74.153723,United States of America,1971.0,6.0,1.0
Arabidopsis thaliana (L.) Heynh.,41.754,-74.153,United States of America,1971.0,6.0,1.0
Arabidopsis thaliana (L.) Heynh.,40.654167,-122.557222,United States of America,1970.0,3.0,29.0
Arabidopsis thaliana (L.) Heynh.,35.719196,-78.688687,United States of America,1970.0,3.0,25.0
Arabidopsis thaliana (L.) Heynh.,36.884777,-76.306285,United States of America,1970.0,4.0,4.0
Arabidopsis thaliana (L.) Heynh.,36.884777,-76.306285,United States of America,1970.0,4.0,4.0
Arabidopsis thaliana (L.) Heynh.,36.280009,-80.285084,United States of America,1970.0,4.0,23.0
Arabidopsis thaliana (L.) Heynh.,36.280009,-80.285084,United States of America,1970.0,4.0,23.0
Arabidopsis thaliana (L.) Heynh.,37.87472,-122.23806,United States of America,1970.0,4.0,13.0
Arabidopsis thaliana (L.) Heynh.,37.258096,-90.532164,United States of America,1970.0,4.0,12.0
Arabidopsis thaliana (L.) Heynh.,39.79862,-76.290675,United States of America,1970.0,4.0,22.0
Arabidopsis thaliana (L.) Heynh.,37.203664,-76.771011,United States of America,1970.0,5.0,8.0
Arabidopsis thaliana (L.) Heynh.,41.534514,-87.3746,United States of America,1970.0,5.0,17.0
Arabidopsis thaliana (L.) Heynh.,42.631168,-85.495961,United States of America,1970.0,5.0,9.0
Arabidopsis thaliana (L.) Heynh.,39.80077,-76.29811,United States of America,1970.0,5.0,21.0
Arabidopsis thaliana (L.) Heynh.,39.798442,-76.295581,United States of America,1970.0,5.0,27.0
Arabidopsis thaliana (L.) Heynh.,41.3961,-72.9217,United States of America,1970.0,5.0,2.0
Arabidopsis thaliana (L.) Heynh.,41.3961,-72.9217,United States of America,1970.0,5.0,2.0
Arabidopsis thaliana (L.) Heynh.,39.813073,-76.312437,United States of America,1970.0,6.0,29.0
Arabidopsis thaliana (L.) Heynh.,32.713828,-94.345193,United States of America,1969.0,4.0,9.0
Arabidopsis thaliana (L.) Heynh.,32.74,-88.04,United States of America,1969.0,4.0,14.0
Arabidopsis thaliana (L.) Heynh.,35.827866,-83.674894,United States of America,1969.0,4.0,6.0
Arabidopsis thaliana (L.) Heynh.,39.4301,-77.804161,United States of America,1969.0,4.0,17.0
Arabidopsis thaliana (L.) Heynh.,40.776485,-111.824755,United States of America,1969.0,4.0,28.0
Arabidopsis thaliana (L.) Heynh.,32.713828,-94.345193,United States of America,1969.0,4.0,9.0
Arabidopsis thaliana (L.) Heynh.,32.713649,-94.34588,United States of America,1969.0,4.0,9.0
Arabidopsis thaliana (L.) Heynh.,32.718822,-94.347442,United States of America,1969.0,4.0,9.0
Arabidopsis thaliana (L.) Heynh.,32.718822,-94.347442,United States of America,1969.0,4.0,9.0
Arabidopsis thaliana (L.) Heynh.,36.49333,-90.075,United States of America,1969.0,4.0,16.0
Arabidopsis thaliana (L.) Heynh.,39.03333,-76.9,United States of America,1969.0,4.0,21.0
Arabidopsis thaliana (L.) Heynh.,33.01,-88.22,United States of America,1969.0,5.0,8.0
Arabidopsis thaliana (L.) Heynh.,38.572364,-88.094993,United States of America,1969.0,5.0,6.0
Arabidopsis thaliana (L.) Heynh.,41.772115,-74.153723,United States of America,1969.0,6.0,4.0
Arabidopsis thaliana (L.) Heynh.,41.754,-74.153,United States of America,1969.0,6.0,4.0
Arabidopsis thaliana (L.) Heynh.,35.237869,-77.886027,United States of America,1968.0,3.0,23.0
Arabidopsis thaliana (L.) Heynh.,36.247205,-77.60327,United States of America,1968.0,4.0,17.0
Arabidopsis thaliana (L.) Heynh.,34.71249,-88.22227,United States of America,1968.0,4.0,13.0
Arabidopsis thaliana (L.) Heynh.,35.898976,-82.305789,United States of America,1968.0,4.0,16.0
Arabidopsis thaliana (L.) Heynh.,35.488878,-79.170973,United States of America,1968.0,4.0,2.0
Arabidopsis thaliana (L.) Heynh.,46.475223,-116.76615,United States of America,1968.0,4.0,28.0
Arabidopsis thaliana (L.) Heynh.,42.52202,-72.60972,United States of America,1968.0,5.0,7.0
Arabidopsis thaliana (L.) Heynh.,40.625932,-75.370458,United States of America,1968.0,6.0,6.0
Arabidopsis thaliana (L.) Heynh.,40.91166,-75.570012,United States of America,1968.0,7.0,11.0
Arabidopsis thaliana (L.) Heynh.,36.194047,-90.382841,United States of America,1967.0,4.0,9.0
Arabidopsis thaliana (L.) Heynh.,38.572364,-88.094993,United States of America,1967.0,4.0,22.0
Arabidopsis thaliana (L.) Heynh.,48.781977,-122.574937,United States of America,1967.0,4.0,3.0
Arabidopsis thaliana (L.) Heynh.,47.662208,-117.460842,United States of America,1967.0,4.0,15.0
Arabidopsis thaliana (L.) Heynh.,35.806411,-78.668393,United States of America,1967.0,4.0,28.0
Arabidopsis thaliana (L.) Heynh.,36.094373,-94.175723,United States of America,1967.0,4.0,1.0
Arabidopsis thaliana (L.) Heynh.,39.99778,-76.35444,United States of America,1967.0,4.0,22.0
Arabidopsis thaliana (L.) Heynh.,39.999183,-76.34975,United States of America,1967.0,4.0,10.0
Arabidopsis thaliana (L.) Heynh.,37.03,-92.62333,United States of America,1967.0,4.0,1.0
Arabidopsis thaliana (L.) Heynh.,37.03,-92.62333,United States of America,1967.0,4.0,1.0
Arabidopsis thaliana (L.) Heynh.,39.055042,-77.034669,United States of America,1967.0,5.0,18.0
Arabidopsis thaliana (L.) Heynh.,39.055042,-77.034669,United States of America,1967.0,5.0,2.0
Arabidopsis thaliana (L.) Heynh.,41.30723,-72.92453,United States of America,1967.0,5.0,9.0
Arabidopsis thaliana (L.) Heynh.,48.84,-117.28833,United States of America,1967.0,5.0,28.0
Arabidopsis thaliana (L.) Heynh.,48.84,-117.28833,United States of America,1967.0,5.0,
Arabidopsis thaliana (L.) Heynh.,42.42549,-122.90511,United States of America,1967.0,5.0,7.0
Arabidopsis thaliana (L.) Heynh.,48.84,-117.28833,United States of America,1967.0,5.0,28.0
Arabidopsis thaliana (L.) Heynh.,48.84,-117.28833,United States of America,1967.0,5.0,
Arabidopsis thaliana (L.) Heynh.,42.391109,-72.526209,United States of America,1967.0,5.0,16.0
Arabidopsis thaliana (L.) Heynh.,35.89648,-83.960033,United States of America,1966.0,3.0,21.0
Arabidopsis thaliana (L.) Heynh.,35.89648,-83.960033,United States of America,1966.0,3.0,21.0
Arabidopsis thaliana (L.) Heynh.,39.403,-88.146,United States of America,1966.0,4.0,30.0
Arabidopsis thaliana (L.) Heynh.,36.90605,-76.197645,United States of America,1966.0,4.0,22.0
Arabidopsis thaliana (L.) Heynh.,36.887702,-76.050027,United States of America,1966.0,4.0,12.0
Arabidopsis thaliana (L.) Heynh.,37.345888,-76.744791,United States of America,1966.0,4.0,12.0
Arabidopsis thaliana (L.) Heynh.,35.478436,-76.845567,United States of America,1966.0,4.0,30.0
Arabidopsis thaliana (L.) Heynh.,35.927881,-79.044788,United States of America,1966.0,4.0,6.0
Arabidopsis thaliana (L.) Heynh.,38.996094,-94.519839,United States of America,1966.0,4.0,27.0
Arabidopsis thaliana (L.) Heynh.,37.44167,-77.04389,United States of America,1966.0,4.0,17.0
Arabidopsis thaliana (L.) Heynh.,41.41666,-70.66666,United States of America,1966.0,4.0,28.0
Arabidopsis thaliana (L.) Heynh.,40.401795,-75.610872,United States of America,1966.0,5.0,7.0
Arabidopsis thaliana (L.) Heynh.,40.569038,-75.989177,United States of America,1966.0,5.0,24.0
Arabidopsis thaliana (L.) Heynh.,38.73004,-87.695317,United States of America,1966.0,5.0,7.0
Arabidopsis thaliana (L.) Heynh.,40.626488,-75.345735,United States of America,1966.0,6.0,21.0
Arabidopsis thaliana (L.) Heynh.,40.602227,-75.414411,United States of America,1966.0,6.0,1.0
Arabidopsis thaliana (L.) Heynh.,40.653963,-75.376014,United States of America,1966.0,6.0,2.0
Arabidopsis thaliana (L.) Heynh.,39.936588,-75.432064,United States of America,1966.0,6.0,9.0
Arabidopsis thaliana (L.) Heynh.,35.9083,-79.0512,United States of America,1965.0,3.0,31.0
Arabidopsis thaliana (L.) Heynh.,35.908737,-79.047297,United States of America,1965.0,3.0,30.0
Arabidopsis thaliana (L.) Heynh.,36.609115,-76.389609,United States of America,1965.0,4.0,24.0
Arabidopsis thaliana (L.) Heynh.,46.428908,-117.16561,United States of America,1965.0,4.0,18.0
Arabidopsis thaliana (L.) Heynh.,35.841139,-78.742278,United States of America,1965.0,4.0,4.0
Arabidopsis thaliana (L.) Heynh.,46.39056,-118.67917,United States of America,1965.0,4.0,18.0
Arabidopsis thaliana (L.) Heynh.,37.32861,-89.49583,United States of America,1965.0,4.0,7.0
Arabidopsis thaliana (L.) Heynh.,39.055042,-77.034669,United States of America,1965.0,5.0,6.0
Arabidopsis thaliana (L.) Heynh.,39.055042,-77.034669,United States of America,1965.0,5.0,6.0
Arabidopsis thaliana (L.) Heynh.,47.464308,-117.534485,United States of America,1965.0,5.0,5.0
Arabidopsis thaliana (L.) Heynh.,35.63912,-118.61757,United States of America,1965.0,6.0,4.0
Arabidopsis thaliana (L.) Heynh.,35.5831593,-118.673836,United States of America,1965.0,6.0,22.0
Arabidopsis thaliana (L.) Heynh.,35.639945,-118.615606,United States of America,1965.0,6.0,4.0
Arabidopsis thaliana (L.) Heynh.,34.361833,-89.542583,United States of America,1964.0,3.0,17.0
Arabidopsis thaliana (L.) Heynh.,39.055042,-77.034669,United States of America,1964.0,4.0,18.0
Arabidopsis thaliana (L.) Heynh.,39.985528,-74.863694,United States of America,1964.0,4.0,19.0
Arabidopsis thaliana (L.) Heynh.,42.616973,-85.396728,United States of America,1941.0,5.0,7.0
Arabidopsis thaliana (L.) Heynh.,40.635953,-80.454351,United States of America,1941.0,6.0,
Arabidopsis thaliana (L.) Heynh.,42.028244,-122.7083,United States of America,1940.0,3.0,29.0
Arabidopsis thaliana (L.) Heynh.,34.377448,-80.068318,United States of America,1940.0,4.0,3.0
Arabidopsis thaliana (L.) Heynh.,39.996267,-78.268624,United States of America,1940.0,4.0,28.0
Arabidopsis thaliana (L.) Heynh.,46.42472,-117.00306,United States of America,1940.0,4.0,14.0
Arabidopsis thaliana (L.) Heynh.,47.037675,-122.126379,United States of America,1940.0,4.0,2.0
Arabidopsis thaliana (L.) Heynh.,46.50222,-116.32306,United States of America,1940.0,4.0,28.0
Arabidopsis thaliana (L.) Heynh.,46.50222,-116.32306,United States of America,1940.0,4.0,28.0
Sisymbrium thalianum (L.) J.Gay,47.09178,-122.15479,United States of America,1940.0,4.0,2.0
Sisymbrium thalianum (L.) J.Gay,47.09178,-122.15479,United States of America,1940.0,4.0,2.0
Arabidopsis thaliana (L.) Heynh.,42.42546,-122.86597,United States of America,1940.0,4.0,12.0
Arabidopsis thaliana (L.) Heynh.,46.67257,-115.6535,United States of America,1940.0,4.0,28.0
Arabidopsis thaliana (L.) Heynh.,47.09643,-122.13324,United States of America,1940.0,4.0,2.0
Arabidopsis thaliana (L.) Heynh.,46.500283,-116.279469,United States of America,1940.0,4.0,28.0
Arabidopsis thaliana (L.) Heynh.,36.130003,-80.257363,United States of America,1940.0,4.0,15.0
Arabidopsis thaliana (L.) Heynh.,46.42472,-117.00306,United States of America,1940.0,4.0,14.0
Arabidopsis thaliana (L.) Heynh.,46.495485,-116.280316,United States of America,1940.0,4.0,28.0
Arabidopsis thaliana (L.) Heynh.,47.07421,-122.11657,United States of America,1940.0,4.0,2.0
Arabidopsis thaliana (L.) Heynh.,39.73928,-75.224072,United States of America,1940.0,5.0,4.0
Arabidopsis thaliana (L.) Heynh.,39.941348,-80.044244,United States of America,1940.0,5.0,28.0
Arabidopsis thaliana (L.) Heynh.,40.877147,-76.799455,United States of America,1940.0,5.0,12.0
Arabidopsis thaliana (L.) Heynh.,42.96451,-85.48777,United States of America,1940.0,5.0,10.0
Arabidopsis thaliana (L.) Heynh.,38.8664,-77.7064,United States of America,1940.0,5.0,12.0
Arabidopsis thaliana (L.) Heynh.,40.364161,-76.930148,United States of America,1940.0,6.0,10.0
Arabidopsis thaliana (L.) Heynh.,40.879499,-76.784203,United States of America,1940.0,7.0,18.0
Arabidopsis thaliana (L.) Heynh.,35.821976,-78.644378,United States of America,1939.0,3.0,30.0
Arabidopsis thaliana (L.) Heynh.,35.913724,-79.048965,United States of America,1939.0,4.0,10.0
Arabidopsis thaliana (L.) Heynh.,39.915243,-75.359694,United States of America,1939.0,4.0,27.0
Arabidopsis thaliana (L.) Heynh.,34.702038,-92.369931,United States of America,1939.0,4.0,1.0
Arabidopsis thaliana (L.) Heynh.,40.753683,-77.126386,United States of America,1939.0,5.0,4.0
Arabidopsis thaliana (L.) Heynh.,40.777121,-77.182242,United States of America,1939.0,5.0,13.0
Arabidopsis thaliana (L.) Heynh.,40.410137,-75.79154,United States of America,1939.0,5.0,10.0
Arabidopsis thaliana (L.) Heynh.,40.008339,-75.308209,United States of America,1939.0,5.0,2.0
Arabidopsis thaliana (L.) Heynh.,40.012689,-75.319616,United States of America,1939.0,5.0,9.0
Arabidopsis thaliana (L.) Heynh.,39.981483,-75.337364,United States of America,1939.0,5.0,24.0
Arabidopsis thaliana (L.) Heynh.,41.049256,-76.21189,United States of America,1939.0,6.0,7.0
Arabidopsis thaliana (L.) Heynh.,35.913759,-79.049008,United States of America,1938.0,3.0,30.0
Arabidopsis thaliana (L.) Heynh.,47.676463,-116.726517,United States of America,1938.0,4.0,22.0
Arabidopsis thaliana (L.) Heynh.,39.520673,-74.649779,United States of America,1938.0,4.0,14.0
Arabidopsis thaliana (L.) Heynh.,39.126503,-74.711273,United States of America,1938.0,4.0,24.0
Arabidopsis thaliana (L.) Heynh.,39.054527,-75.734479,United States of America,1938.0,4.0,29.0
Arabidopsis thaliana (L.) Heynh.,40.066715,-75.743539,United States of America,1938.0,4.0,25.0
Sisymbrium thalianum (L.) Gaudin,38.029366,-84.472354,United States of America,1938.0,4.0,15.0
Arabidopsis thaliana (L.) Heynh.,35.815263,-78.644386,United States of America,1938.0,4.0,20.0
Arabidopsis thaliana (L.) Heynh.,38.8561,-77.7144,United States of America,1938.0,4.0,21.0
Arabidopsis thaliana (L.) Heynh.,38.8664,-77.7064,United States of America,1938.0,4.0,14.0
Arabidopsis thaliana (L.) Heynh.,40.223624,-75.844897,United States of America,1938.0,5.0,5.0
Arabidopsis thaliana (L.) Heynh.,47.12528,-117.00028,United States of America,1938.0,5.0,15.0
Arabidopsis thaliana (L.) Heynh.,47.12528,-117.00028,United States of America,1938.0,5.0,15.0
Arabidopsis thaliana (L.) Heynh.,47.004264,-122.539845,United States of America,1938.0,5.0,
Arabidopsis thaliana (L.) Heynh.,41.31972,-72.07555,United States of America,1938.0,5.0,25.0
Arabidopsis thaliana (L.) Heynh.,41.514521,-75.961033,United States of America,1938.0,6.0,3.0
Arabidopsis thaliana (L.) Heynh.,41.623547,-76.048394,United States of America,1938.0,6.0,7.0
Arabidopsis thaliana (L.) Heynh.,41.231443,-76.896166,United States of America,1938.0,6.0,7.0
Arabidopsis thaliana (L.) Heynh.,35.95,-83.9167,United States of America,1937.0,3.0,28.0
Arabidopsis thaliana (L.) Heynh.,40.40474,-75.659527,United States of America,1937.0,3.0,9.0
Arabidopsis thaliana (L.) Heynh.,40.583052,-76.113517,United States of America,1937.0,4.0,25.0
Arabidopsis thaliana (L.) Heynh.,39.809054,-74.899053,United States of America,1937.0,4.0,28.0
Arabidopsis thaliana (L.) Heynh.,38.9756,-77.6417,United States of America,1937.0,4.0,11.0
Arabidopsis thaliana (L.) Heynh.,41.48138,-73.21305,United States of America,1937.0,4.0,20.0
Arabidopsis thaliana (L.) Heynh.,40.416699,-75.666494,United States of America,1937.0,5.0,9.0
Arabidopsis thaliana (L.) Heynh.,39.629526,-79.955897,United States of America,1937.0,5.0,22.0
Arabidopsis thaliana (L.) Heynh.,41.436254,-75.842719,United States of America,1937.0,5.0,9.0
Arabidopsis thaliana (L.) Heynh.,40.641123,-76.600521,United States of America,1937.0,5.0,22.0
Arabidopsis thaliana (L.) Heynh.,40.437147,-77.934243,United States of America,1937.0,5.0,9.0
Arabidopsis thaliana (L.) Heynh.,40.416506,-75.673992,United States of America,1937.0,5.0,9.0
Arabidopsis thaliana (L.) Heynh.,39.790607,-76.26617,United States of America,1937.0,5.0,1.0
Arabidopsis thaliana (L.) Heynh.,42.2591,-83.7341,United States of America,1937.0,5.0,21.0
Arabidopsis thaliana (L.) Heynh.,38.9364,-77.6514,United States of America,1937.0,5.0,2.0
Arabidopsis thaliana (L.) Heynh.,38.9364,-77.6514,United States of America,1937.0,5.0,4.0
Arabidopsis thaliana (L.) Heynh.,35.815263,-78.644386,United States of America,1936.0,3.0,28.0
Arabidopsis thaliana (L.) Heynh.,39.085381,-74.724932,United States of America,1936.0,4.0,14.0
Arabidopsis thaliana (L.) Heynh.,38.8561,-77.7144,United States of America,1936.0,4.0,12.0
Arabidopsis thaliana (L.) Heynh.,38.8242,-77.7111,United States of America,1936.0,4.0,26.0
Arabidopsis thaliana (L.) Heynh.,38.8242,-77.7111,United States of America,1936.0,4.0,26.0
Arabidopsis thaliana (L.) Heynh.,36.120926,-80.460309,United States of America,1936.0,4.0,19.0
Arabidopsis thaliana (L.) Heynh.,39.082147,-74.730897,United States of America,1936.0,5.0,10.0
Arabidopsis thaliana (L.) Heynh.,39.085381,-74.724932,United States of America,1936.0,5.0,10.0
Arabidopsis thaliana (L.) Heynh.,38.8242,-77.7111,United States of America,1936.0,5.0,3.0
Arabidopsis thaliana (L.) Heynh.,38.8242,-77.7111,United States of America,1936.0,5.0,3.0
Arabidopsis thaliana (L.) Heynh.,41.38361,-72.02833,United States of America,1936.0,6.0,11.0
Arabidopsis thaliana (L.) Heynh.,39.665398,-75.20351,United States of America,1935.0,4.0,29.0
Arabidopsis thaliana (L.) Heynh.,39.554276,-75.116388,United States of America,1935.0,4.0,22.0
Arabidopsis thaliana (L.) Heynh.,39.665398,-75.20351,United States of America,1935.0,4.0,29.0
Arabidopsis thaliana (L.) Heynh.,39.554276,-75.116388,United States of America,1935.0,4.0,22.0
Arabidopsis thaliana (L.) Heynh.,38.8664,-77.7064,United States of America,1935.0,4.0,28.0
Arabidopsis thaliana (L.) Heynh.,38.8242,-77.7111,United States of America,1935.0,4.0,24.0
Arabidopsis thaliana (L.) Heynh.,38.8861,-77.0667,United States of America,1935.0,4.0,30.0
Arabidopsis thaliana (L.) Heynh.,38.8242,-77.7111,United States of America,1935.0,4.0,14.0
Arabidopsis thaliana (L.) Heynh.,40.9398004,-123.6298007,United States of America,1935.0,4.0,20.0
Arabidopsis thaliana (L.) Heynh.,40.9398004,-123.6298007,United States of America,1935.0,4.0,20.0
Arabidopsis thaliana (L.) Heynh.,41.019041,-80.326642,United States of America,1935.0,5.0,20.0
Arabidopsis thaliana (L.) Heynh.,39.614778,-74.594046,United States of America,1935.0,5.0,13.0
Arabidopsis thaliana (L.) Heynh.,39.608134,-75.414984,United States of America,1935.0,5.0,6.0
Arabidopsis thaliana (L.) Heynh.,39.809935,-75.31552,United States of America,1935.0,5.0,20.0
Arabidopsis thaliana (L.) Heynh.,40.051759,-75.039353,United States of America,1935.0,5.0,11.0
Arabidopsis thaliana (L.) Heynh.,40.057907,-76.200281,United States of America,1935.0,5.0,4.0
Arabidopsis thaliana (L.) Heynh.,37.8711864,-122.2584055,United States of America,1935.0,5.0,2.0
Arabidopsis thaliana (L.) Heynh.,35.930642,-83.751287,United States of America,1934.0,4.0,4.0
Arabidopsis thaliana (L.) Heynh.,35.924249,-83.96324,United States of America,1934.0,4.0,11.0
Arabidopsis thaliana (L.) Heynh.,35.960638,-83.920739,United States of America,1934.0,4.0,13.0
Arabidopsis thaliana (L.) Heynh.,35.943435,-83.950799,United States of America,1934.0,4.0,11.0
Arabidopsis thaliana (L.) Heynh.,35.951707,-83.930853,United States of America,1934.0,4.0,18.0
Arabidopsis thaliana (L.) Heynh.,35.939808,-83.930763,United States of America,1934.0,4.0,11.0
Arabidopsis thaliana (L.) Heynh.,44.3842,-123.1086,United States of America,1934.0,4.0,8.0
Arabidopsis thaliana (L.) Heynh.,36.51555,-92.60361,United States of America,1934.0,4.0,24.0
Arabidopsis thaliana (L.) Heynh.,39.684112,-75.292149,United States of America,1934.0,5.0,9.0
Arabidopsis thaliana (L.) Heynh.,39.572723,-75.112215,United States of America,1934.0,5.0,12.0
Arabidopsis thaliana (L.) Heynh.,40.336946,-75.106872,United States of America,1934.0,5.0,5.0
Arabidopsis thaliana (L.) Heynh.,40.548779,-75.038041,United States of America,1934.0,6.0,9.0
Arabidopsis thaliana (L.) Heynh.,39.727686,-75.376704,United States of America,1934.0,6.0,1.0
Arabidopsis thaliana (L.) Heynh.,39.727686,-75.376704,United States of America,1934.0,6.0,1.0
Arabidopsis thaliana (L.) Heynh.,33.45472,-88.78861,United States of America,1933.0,3.0,9.0
Arabidopsis thaliana (L.) Heynh.,35.924249,-83.96324,United States of America,1933.0,4.0,12.0
Arabidopsis thaliana (L.) Heynh.,40.262898,-74.83683,United States of America,1933.0,4.0,24.0
Arabidopsis thaliana (L.) Heynh.,39.473658,-75.338883,United States of America,1933.0,4.0,9.0
Arabidopsis thaliana (L.) Heynh.,39.430697,-75.33152,United States of America,1933.0,4.0,30.0
Arabidopsis thaliana (L.) Heynh.,39.414281,-75.331582,United States of America,1933.0,4.0,23.0
Arabidopsis thaliana (L.) Heynh.,33.45472,-88.78861,United States of America,1933.0,4.0,27.0
Arabidopsis thaliana (L.) Heynh.,47.48306,-122.21611,United States of America,1933.0,5.0,28.0
Arabidopsis thaliana (L.) Heynh.,40.471933,-75.065454,United States of America,1933.0,5.0,21.0
Arabidopsis thaliana (L.) Heynh.,40.273108,-74.853216,United States of America,1933.0,5.0,20.0
Arabidopsis thaliana (L.) Heynh.,40.274222,-74.853216,United States of America,1933.0,5.0,20.0
Sisymbrium thalianum (L.) J.Gay,47.498056,-122.184167,United States of America,1933.0,5.0,28.0
Sisymbrium thalianum (L.) J.Gay,47.60639,-122.33083,United States of America,1933.0,5.0,30.0
Arabidopsis thaliana (L.) Heynh.,47.481486,-122.196123,United States of America,1933.0,5.0,28.0
Arabidopsis thaliana (L.) Heynh.,39.962888,-75.333267,United States of America,1932.0,4.0,22.0
Arabidopsis thaliana (L.) Heynh.,41.67,-83.55,United States of America,,,
Arabidopsis thaliana (L.) Heynh.,43.18,-85.25,United States of America,,,
Arabidopsis thaliana (L.) Heynh.,40.625932,-75.370458,United States of America,,,
Arabidopsis thaliana (L.) Heynh.,40.564333,-75.511348,United States of America,,,
